Key,Translation,Comment
<Gamepad>,手柄,
<Keyboard>,键盘,
<Mouse>,鼠标,
abort,中止,
aborting.expedition.died,中止远航。船员{0}在登陆飞船前死亡了。,
aborting.expedition.target.too.far,中止远航。 我们离目标{0}太远了。,
accumulated.heat,累积的热量,
act.BringResourcesAndConstruct,建造,
act.CatchTarget,追赶某人,
act.CleanSolarPanel,清洁太阳能电池板,
act.Construct,建造,
act.Deconstruct,拆解,
act.Eat,进食,
act.EnterShuttle,登上穿梭机,
act.FindInstallableObject,搜索可安装的物件,
act.GatherRawMaterials,收集材料,
act.GatherUnstoredRawMaterials,收集材料堆,
act.HarvestPlant,收获植物,
act.HaulRawMaterials,运输材料,
act.HaulToNutrientExtractor,运输到营养提取器,
act.Install,安装设备,
act.MoveNextToPos,移动到位置,
act.MoveToPos,移动到位置,
act.MoveToSafety,移动到安全点,
act.MoveToWorkSpot,前往工作地点,
act.None,什么也不做,
act.PlaceUnconstructed,命令建造,
act.Recharge,充能,
act.Repair,修复损坏,
act.ReplaceTile,替换设备,
act.Roam,徘徊,
act.BreakdownRoamAround,到处徘徊,
act.Sleep,前往睡觉,
act.StoreRawMaterials,储存材料,
act.Uninstall,卸载设备,
act.UseFoodConsumptionSpot,进食,
act.UseShower,淋浴,
,,
act.UseToilet,使用厕所,
act.WaitForRecharge,充能,
action.extract_nutrients,提取营养,
action.unavailable,无效操作,
actions.available,有效操作：{0},
active,运行,
ad.rej.interrupted,中断,
ad.rej.lacking.skill,工人缺乏技能,
ad.rej.unreachable,无法到达该处,
ad.rej.unreachable.mat.grounded,地面工人无法获取所需材料。检查该工人是否有路径能到达此材料。,
ad.rej.unreachable.mat.flying,飞行工人无法获取所需材料。检查该工人是否有路径能到达此材料。,
add.log.entry,添加日志记录,
adj.rej.unreachable,目标不可达,
advert.cancel,取消 {0},
advert.priority,任务优先级：{0},
advert.priority.down,降低优先级,
advert.priority.up,提高优先级,
advert.rejected,拒绝了,
advert.retry,重试任务,
advert.task,任务 <i>[{0}]</i>: {1},
age,年龄,
ai.journal.log.acts,记录行为,
ai.journal.log.ads,记录行为,
airtightness.at,气密性 {0}：{1},
alone,独自,
amount.left,剩余金额,
apply,应用,
area.size,尺寸 {0},
asimov.violation.1,这个行动违反了机器人第一定律。机器人不得伤害人类，或因不作为而伤害人类。至此。,
asimov.violation.3,这个行动违反了机器人第三定律。机器人应该在不违反第一及第二定律的前提下保护自己。至此。,
assigned.worker,已分配,
asteroid,小行星,
asteroid.impact,小行星撞击,
asteroid.incoming,小行星来袭,
ate.at.makeshift.table,在临时桌子上进食,
ate.at.table,在桌子上进食,
ate.without.table,没有桌子进食,
attracted.to,受到吸引,
audio.max.silence,音轨间播放延迟：{0},
auto.close,自动关闭,
auto.refill.amount,自动填充数量,
autoclean.dust.amount,自动清洁阀值,
autoclean.dust.tooltip,当积尘过多超出阈值时自动创建清洁面板的任务,
autosave,自动保存,
autosave.short,A,
autosaving,自动保存中,
autoscale.on,启用UI自动缩放,
autoscale.on.why,屏幕分辨率已变更，UI自动缩放，因为先前的值超出有效范围,
available.materials,可用资源和物品,
available.materials.none,没有可用的材料！,
available.tasks,待处理的任务,
battery.charge,电池电量,
battery.charge.rate,充电速度,
battery.discharge.rate,放电速度,
battery.discharged,电池已放电,
battery.info,电池：{0},
battery.mode,模式：{0},
battery.mode.Auto,自动,
battery.mode.ChargeOnly,仅充电,
battery.mode.DischargeOnly,仅放电,
battery.state,状态,
battery.state.Charging,充电中,
battery.state.Discharging,放电中,
battery.state.Idle,闲置中,
being.died,{0}死亡了,
being.taking.damage,受到{0}伤害,
being.woke.up,从休眠中苏醒,
beings,生物,
beings.drone01,建筑无人机,
beings.drone01.desc,无人机速度很快且可以在太空中飞行。它们不能承载多少重量，也不能执行高级任务。需要充电站充能，在低电量情况下会变得缓慢及效率低下。你可以使用组装机来制造它们。,
beings.human01,人类,
beings.human01.desc,像你以前一样的人,
beings.robot01,建筑机器人,
beings.robot01.desc,机器人擅长机械的任务，可以执行高级建筑工作。它们不能称得上快，但能够承载大量的材料。需要结实的地面以移动，如果周围的地板被拆解，就会被卡住。需要充电站充能，在低电量情况下会变得缓慢及效率低下。你可以使用组装机来制造它们。,
bg.opt.unscaled,不缩放,
bg.scale.warning,未缩放的背景会对显卡造成负担，并且会减慢在GPU上运行的氧气和热量模拟。不建议在笔记本电脑或较低端的GPU上使用。,
bg.space.advanced,进阶太空背景,
bg.space.advanced.scale,背景比例,
birth.date,出生日期,
bog.opt.half,一半,
breakdown.BreakdownRoamAround,崩溃：四处游荡,
breakdown.BreakdownDeconstruct,崩溃：破坏物品,
bridge.controls,舰桥控制室,
build.a.copy,建立副本,
call.back,召回探索队,
calories,卡路里,
cancel,取消,
cancel.drag.dist.px,忽略拖动距离：{0}像素,
cannot.create.template,无法创建模板,
cannot.enter.no.tech,暂时无法进入这个设施。没有所需的科技,
cannot.enter.while.moving,移动时无法进入这个设施。请等待至完全静止。速度矢量应在所有轴上显示为零。,
carbohydrates,碳水化合物,
carbon.buildup,积碳,
catch,捕获,
change,转化,
change.rate,转化率: {0:0.0}. 单击图标了解更多细节。,
changelog,更新日志,
clean.priority,清洁优先级,
clean.solar.panel,清洁太阳能板,
clear.all,全部清除,
click.input.to.rebind,激活新的设置（等待5秒）,
clipboard.is.empty,剪贴板为空,
codex.entry,百科条目,
color.alpha,亮度,
color.Blue,蓝,
color.Green,绿,
color.Red,红,
computer.resources,计算机资源,
computer.resources.info,内存：{0}，执行绪：{1},
confirm,确定,
confirm.expedition,确认探索队,
confirm.mass.order,确认大量命令,
confirm.mass.removal,你正在下达拆解 {0} 个设备的指令。我们并不建议您创建数量如此庞大的指令，这可能会使工人的任务算法负担过大并延后其它类型的工作。你仍然可以下达此指令，但可能需要调整工人或是任务的优先级。有一个专为调整大型区域任务优先级的工具，且每个工人的工作类型优先级都会在“管理工人”处的信息面板中显示。,
confirm.mass.construction,你正在下达建造 {0} 个设备的指令。我们并不建议您创建数量如此庞大的指令，这可能会使工人的任务算法负担过大并延后其它类型的工作。你仍然可以下达此指令，但可能需要调整工人或是任务的优先级。有一个专为调整大型区域任务优先级的工具，且每个工人的工作类型优先级都会在“管理工人”处的信息面板中显示。,
confirm.mass.repair,你正在下达维修 {0} 个设备的指令。我们并不建议您创建数量如此庞大的指令，这可能会使工人的任务算法负担过大并延后其它类型的工作。你仍然可以下达此指令，但可能需要调整工人或是任务的优先级。有一个专为调整大型区域任务优先级的工具，且每个工人的工作类型优先级都会在“管理工人”处的信息面板中显示。,
confirm.object.removal,确认设施移除,
confirm.object.removal.info,你的选择中包含{0}个设施。请确认操作。,
construct,建造,
construct.find.materials,寻找材料,
construct.object,建造设施,
construction.complete,建造完成的,
construction.pending,未建造的,
contains.materials,含有材料,
content,内容物,
continue,继续,
controllable.worker,管理工人,
cooldown.complete,启用神经网络,
cooldown.now,立即冷却,
cooldown.prepare,禁用神经网络,
cooldown.progress,冷却时间：{0},
copied.to.clipboard,已复制到剪贴板,
copied.to.clipboard.info,已将{0}个日志条目复制到剪贴板。粘贴至你最喜欢的文本编辑器中，以保存该故事。,
,,
,,
,,
,,
copy.channel.name,复制通道,
copy.color.hex,复制颜色：{0},
copy.config,复制配置,
copy.config.energy.node,电力替换,
copy.config.help,此工具可以复制选择部件的配置并切换到粘贴模式。一条连线会指示你选中的部件。你可以在粘贴模式下框选你想应用的部件。如果你选中了不兼容的部件，粘贴将不生效。,
copy.config.light,灯色,
copy.config.matter.reactor,物质反应堆,
copy.config.particle.collector,粒子收集器,
copy.config.planter,种植机,
copy.config.solar.panel,太阳能板,
copy.game.seed,复制游戏种子,
copy.to.clipboard,复制到剪贴板,
cpu.efficiency,运行效率,
cpu.overheat.info,飞船计算机过热。 当前效率:{0}。建议启动冷却程序。<br><br>冷却程序会在数小时内停用你的神经网络，建议在启动冷却程序前处理任何紧急事项。,
cpu.overheat.reducing.speed.1,过热程度：中等，处理速度已降低。当前效率:{0}。建议启动冷却程序。,
cpu.overheat.reducing.speed.2,过热程度：高，处理速度已降低。当前效率:{0}。建议启动冷却程序。,
cpu.overheating,CPU过热: {0},
cryo.used,使用房间,
current.expeditions,当前探险,
current.mood.effects,最近发生事件,
cursor.software,使用软件光标,
cutoff.ambience,环境音缩放效果,
cutoff.fx,特效音缩放效果,
cutoff.music,音乐音缩放效果,
damage.type.Age,衰老,
damage.type.Cold,低温,
damage.type.Electricity,触电,
damage.type.Heat,高温,
damage.type.Hunger,营养不良,
damage.type.Oxygen,窒息,
damage.type.Physical,外伤,
damage.type.Stasis,猝死,
damage.type.Undefined,未知,
damageable,易损坏,
damaged,已损坏,
dead,尸体,
death.cause,死因: {0},
deconstruct,拆解,
decrease.amount,减少数量,
delete,删除,
delete.save,删除存档,
demo.mode,演示模式,
demo.mode.off,关闭演示模式,
demo.mode.on,开启演示模式<br>(开关: Ctrl + F9),
destroy,摧毁,
details,详情,
dev.build.instant,即时建造（沙盒模式）,
dev.debug,开发调试,
disabled.in.tutorial,在教程中禁用,
door,舱门,
drop.task,删除任务,
duplicate.binding,重复绑定,
dust.amount,粉尘量,
eat,进食,
eating,进食,
edge.pan.speed,边缘平移速度: {0:0.0},
egg,蛋,
electricity.deficit,电力紧缺,
proceed,继续,
emergency.recharge.complete,紧急充电完成,
emergency.recharge.end.help,该工人已充电至10%并已上线。但现有电量不会持续太久，请确保附近有足够可使用的充电站。,
emergency.recharge.help,你的工人电量已降至0%。紧急太阳能充电板已激活，工人将会在充能至10%时重新启动。本过程完全自动，但耗时较长。建造更多的充电站或调整工作优先级以避免本情况再次发生。,
emergency.recharge.info,无法在紧急充电模式下启动工人。工人将在充能至10%后自动重启。,
emergency.recharge.start,关闭紧急充电,
empty,空的,
enclosed.areas,封闭区域,
energy.auto.connect.incomplete,自动连接不完整。 连接了 {1} 个可访问节点中的 {0} 个。 建造更多的连接器。,
energy.auto.connect.warning,自动连接警告,
energy.con.already.connected,此电力节点已连接到另一个连接器,
energy.con.damaged,无法连接损坏的设备。先下达任务进行维修。,
energy.con.failed,连接失败,
energy.con.not.constructed,无法连接到未建造完成的设备,
energy.con.other.too.far,反向链接失败,
energy.con.other.too.far.details,由于范围不够，你尝试连接的连接器无法建立反向链接。,
energy.con.refused,无法连接,
energy.con.refused.details,连接器已满负荷运转。最大连接数：{0}。 先断开一些设备或节点。,
energy.con.too.far,设备在连接器范围之外。你可以将多个连接器与设备相连。,
energy.connection.limit,已建立的连接,
energy.connections,管理连接,
energy.consumption,电力消耗,
energy.cur.deficit,当前亏损,
energy.cur.deficit.desc,这是你当前的电力缺口。如果这个值不是0，你需要关闭一些大电牛，或建造更多发电设备。注意，进行研究通常需要耗费大量电力。,
energy.cur.demand,当前需求,
energy.cur.demand.desc,这是你当前所有设备的电力需求。部分设备仅在使用时消耗电力，所以保持发电量高于需求量总是明智的。,
energy.cur.output,实际产量,
energy.cur.output.desc,这是你的实际发电量。如果这个值大于最大发电量，则表示你的电池同时在放电。如果这个值小于需求量，你就需要增加你的电力产出，或是检查所有设备的情况及燃料。注意，物质反应堆不会在没有需求时生产电力。,
energy.deficit,电力紧缺,
energy.grid,电网,
energy.grid.nr,网路 #{0}: {1},
energy.grids,电网,
energy.loss,电力损失,
energy.low,电力过低,
energy.max.output,最大有效输出,
energy.max.output.desc,这是你的理论最大电力输出。这个值不包含电池。根据你的实际电力需求，电池和设备的使用情况，这个值可能与实际发电量有出入。,
energy.node,电力节点,
energy.node.auto.connect,自动连接({0}),
energy.node.connect,连接,
energy.node.disconnect,断开连接,
energy.node.disconnect.all,断开所有连接({0}),
energy.node.unreachable,节点无法访问,
energy.node.unreachable.info,将能源节点连接在舰载计算机所在的电网上以控制节点。扩展你的网络，串联连接器来接入本设备。,
energy.not.connected,未连接,
energy.off_grid,离网,
energy.peak.demand,消耗峰值,
energy.peak.demand.desc,自上次电网变更以来记录的峰值用电量。修改现有连接将重置此值。,
energy.production,能源生产,
energy.tool.need.research,你必须研究<b>能源</b>并建造<b>连接器</b>才能使用此工具,
engine,发动机,
engine.push,发动机推力矢量,
enter.galaxy,进入银河,
enter.name,输入名称,
enter.new.first.name,输入新名字,
enter.new.last.name,输入新姓氏,
enter.new.name,输入新的名称,
enter.new.nick.name,输入新的昵称,
enter.planet,进入星球,
enter.shuttle,登上穿梭机,
enter.system,进入星系,
enter.universe,进入宇宙,
environment,环境,
equipment,装备,
equipment.slot.Body,身体,
equipment.slot.Hands,双手,
equipment.slot.Head,头部,
error,错误,
error.content.required,内容为必填项,
error.deconstruct.floor.in.use,地板不能被拆解，因为它放置设备在上方,
error.energy_connect.no_connector,你不能直接连接两台设备。使用<nobr><b>连接器</b></nobr>将设备接入以扩展你的网络。,
error.no.cpu,舰载计算机不可用,
error.title.required,标题为必填项,
event.content.hint,日志清单,
event.log.disabled.in.tutorial,教程结束后检查事件日志,
event.panel.clear.tutorial.info,这将清除通知，但此功能在教程中被禁用,
event.sound.0,所有事件声音,
event.sound.1,仅限严重警报,
event.sound.2,事件声音静音,
event.title,事件标题,
event.title.hint,简短描述,
event.write,编写事件,
events,事件,
evt.asteroid.desc,雷达探测到一颗小行星，其轨迹非常接近。它将在大约 {0} 内接近飞船,
evt.asteroid.impact.desc,小行星与飞船相撞！,
evt.asteroid.impact.title,小行星撞击！,
evt.asteroid.title,雷达警告小行星接近,
evt.battery.discharge.desc,由于故障， {0} 个电池的电瞬间排除了。我希望这不会再次发生。,
evt.battery.discharge.title,电池故障,
evt.connection.loss,断开连接,
evt.death.desc,{0} {1}于{2}岁死亡。死因：{3},
evt.death.title,{0} 死了,
evt.drone.batt.electrocuted.desc,{0} 电池故障惊吓到了附近以下生物：{1},
evt.drone.batt.electrocuted.title,{0} 触电了,
evt.drone.batt.exploded.desc,{0} 电池爆炸了。,
evt.drone.batt.exploded.title,无人机电池爆炸,
evt.drone.batt.fire.desc,{0} 电池着火了。,
evt.drone.batt.fire.title,无人机电池着火,
evt.drone.batt.overload.desc,{0} 电池状态很重要。 建议谨慎！,
evt.drone.batt.overload.title,无人机电池过载,
evt.egg.discover.desc,我找到了一个不明物体，看起来像个蛋。这里面会是什么呢？,
evt.egg.discover.title,找到卵蛋,
evt.end.explosion,爆炸,
evt.end.fire,着火,
evt.exp.found.ore.title,开始挖矿 {0},
evt.grid.heavy.malfunction.desc,{0} 有严重的故障，最后造成了 {1} 。,
evt.grid.heavy.malfunction.title,电子设备故障,
evt.grid.light.malfunction.desc,我检测到了一次轻微的电网故障。我们的连接可能会断一会儿。,
evt.grid.light.malfunction.title,电网故障,
evt.grid.malfunction.warning,连接器故障,
evt.matter.reactor.malfunction.desc,{0}在分解粒子时发生了严重故障。链式反应最后造成了{1}。,
evt.matter.reactor.malfunction.title,物质反应堆故障,
evt.research.desc,我研究了 {0} 并解锁了新的蓝图：{1},
evt.research.title,研究了 {0},
evt.storage.capsule.desc,一个存储胶囊在飞船附近，大约在 {0} 。如果我们幸运的话，它可能会在船上降落！,
evt.storage.capsule.title,雷达检测到储存胶囊,
evt.wakeup.desc,由于休眠阵列荚舱故障，一个开拓者从低温休眠中醒来了。 基本信息：<br><br>{0},
evt.wakeup.title,{0}醒来,
exit.galaxy,退出银河系,
exit.planet,退出星球,
exit.system,退出星系,
exit.universe,退出宇宙,
,,
,,
exp.found.ore.title,开采 {0},
exp.stage.done,远航完成,
exp.stage.exploring,探索,
exp.stage.landing,降落在 {0},
exp.stage.prep,准备起飞,
exp.stage.prep.return,准备返航,
exp.stage.takeoff,起飞,
exp.stage.travel.to.base,返航,
exp.stage.travel.to.dest,飞向目标,
exp.stage.waiting.for.base,等待拾取,
expedition,远航,
expedition.call.back.failed,{0}船员现在无回应,
,,
expedition.call.back.sent.too.far,向远征穿梭机发送信息。它会等你去回收它。去{0}以回收穿梭机,
expedition.choose,{0}个船员正在{1}等待命令,
expedition.no.event,探险队{0}暂时未找到有价值的东西。这个星球可能没有值得探索或挖掘的物资剩余。,
expedition.returned.from,远航已返程<br><size=200%>{0}</size>,
expeditions,远航,
expeditions.howto,如果可探索的太空物体出现在我们周边，我们可以派出远征队进行探索。我们需要通过舰桥控制在星图上显示物体，并使用引擎在太空中移动。建造穿梭机来运送探险队并回收物资。,
explore,探索,
explosion,爆炸,
failed.copying.value,复制值失败,
failed.pasting.value,粘贴值失败,
fat,Fat,
feedback,反馈,
,,
,,
feedback.error,反馈错误,
feedback.f1,发送反馈,
feedback.f1.label,使用它来报告任何错误或提供建议。你可以在任何时候按下<b><nobr>Ctrl + F1</nobr></b>以触发反馈表单。此方法是提供反馈的首选方式。,
feedback.failed,由于:{0}，上传反馈失败。请发送邮件至help@kodolinjia.com或在Discord/Steam讨论板提出问题。谢谢！,
feedback.failed.screenshot,感谢您的反馈！议题{0}已建立，但是图片附件因以下原因未能成功上传：{1}。,
feedback.hint,如果这是个bug，请尽可能详细得描述您遇到的问题，包括重现bug的步骤，蟹蟹,
feedback.screenshot.failed,反馈已提交，但图片未能成功附上。,
feedback.sent,反馈已发送,
feedback.submit,提交反馈,
feedback.thank.you,谢谢你的反馈，开发人员不久将对此次反馈进行审核。 我们感谢您为帮助改进这款游戏所做的努力！ 反馈参考 ID：{0},
feedback.thanks,感谢你的反馈！开发人员将很快对其进行审核。 我们感谢您为帮助改进这款游戏所做的努力！,
feedback.title.hint,这是关于什么的?,
feedback.title.required,请输入标题,
feedback.tooltip,使用它来报告任何错误或提供建议。你可以在任何时候按下<b><nobr>Ctrl + F1</nobr></b>以触发反馈表单。此方法是提供反馈的首选方式。,
feeling.clean,感觉很干净,
female,女性,
filter.mode,筛选模式,
filter.mode.AllowAll,允许所有,
filter.mode.AllowSelected,允许所选,
filter.mode.ForbidAll,禁止所有,
filter.mode.ForbidSelected,禁止所选,
find.item,查找项目,
fire,火,
fire.extinguish,灭火,
flight.arrived,我们已经抵达{0}。旅程经过了{1}。,
flight.cancelled.already.there,行程取消。你已经在此地点。,
flight.impossible.engine.direction,行程已停止。当前使用的引擎配置无法提供设定方向的推力。注意，你需要在每个方向上都至少建造一台引擎。,
flight.impossible.islands,行程无法完成。{0}块区块未连接。请先拆除或重新连接这些区块。可通过区块面板获得更多信息。正在启动区块面板。,
flight.impossible.no.engines,行程无法完成。您还未安装引擎。请先研究并制造朝向四个方位的引擎。,
flight.impossible.no.suitable.engines,行程无法完成。您没有可以飞行该距离的引擎。研究并制造更为先进的引擎。,
flight.initiated,设置航向为{0}，距离:{1}。抵达时将通知你。,
floor,地板,
food.item,食品,
force.wake.up,强制唤醒,
,,
free_entities,物品,
fueled.by,用{0}加油,
fully.grown,完全成熟,
game.about,感谢你游玩Stardeus!,
game.graphs,画面设置,
game.data,游戏文件,
game.delete.confirm,确认存档删除,
game.delete.confirm.details,你确定要删除此存档吗？该操作不能回复。,
game.discord,Discord群组,
game.forum,讨论板块,
game.load,加载游戏,
game.load.desc,加载其他存档,
game.name.randomize,随机名称,
game.new,新游戏,
game.new.desc,开始一个新游戏,
game.presskit,媒体套件,
game.reddit,Reddit页面,
game.save,保存游戏,
game.save.desc,保存你当前的进度,
game.save.prompt,<b>{0}</b><br>输入存档名称：,
game.scenario,场景,
game.seed,游戏种子,
game.seed.placeholder,输入种子...,
game.start,开始游戏,
game.steam.page,Steam页面,
game.storygen,故事生成器,
game.title,星神,
game.twitter,推特页面,
game.website,专站,
gather.materials,收集材料,
gender,性别,
get.some.sleep,睡觉中,
go.to.shuttle,移动到穿梭机,
,,
goal.AddEnergyBudget,提高发电量,
goal.AddEnergyBudget.desc,我们当前可以生产{0}，消耗峰值已超过80%。建造更多发电设备以避免产生电力缺口。物质反应堆，太阳能板，或是任何能够建造的设备。如果我们有太阳能板，请尝试清理它们。,
goal.BuildChargeStation,建造一个充电站,
goal.BuildChargeStation.desc,我们至少需要为工人们提供一个充电站,
goal.BuildRepairStation,建造一个维修站,
goal.BuildRepairStation.desc,我们至少要为工人们提供一个维修站以让他们得以自我维修。研究机器学以习得蓝图。,
goal.BuildHeater,建造一个加热器,
goal.BuildHeater.desc,为了让封闭空间变得温暖适合居住，我们必须要建造一个加热器,
goal.BuildMiniMatterReactor,建造一个物质反应堆,
goal.BuildMiniMatterReactor.desc,我们该建一个物质反应堆来为我们的仪器和研究发电。,
goal.BuildMoreChargeStations,建造更多的充电站,
goal.BuildMoreChargeStations.desc,建造更多充电站以让更多工人可以同时充电。,
goal.BuildMoreRepairStations,建造更多的维修站,
goal.BuildMoreRepairStations.desc,建造更多维修站以让更多工人可以同时自我维修,
goal.BuildOxygenPump,建造一个氧气机,
goal.BuildOxygenPump.desc,为让一个封闭空间适合居住，我们需要建造一个氧气机,
goal.BuildStorage,建造一个存储单元,
goal.BuildStorage.desc,如果能有地方储存这一大堆原材料就好了。我们可以建造一个存储单元来解决这个问题。,
goal.BuildDiskModule,建造硬盘模块,
goal.BuildDiskModule.desc,你的研究存储容量不足。建议建造更多硬盘模块。你需要解锁计算机科技来获得此蓝图。,
goal.completed,已完成：{0},
goal.ConnectIslands,连接船舰区块,
goal.ConnectIslands.desc,我们需要建造连接桥以链接四散的残骸区块。较小的区块可以直接拆除并获取其中的原材料。检查区块面板以获得关于未连接的区块和残骸的信息。<br><br>提示: 按住 <b>CTRL</b> 可以在建造地板时拉出直线。,
goal.EncloseStasisArray,封闭休眠阵列,
goal.EncloseStasisArray.desc,我们应该在休眠阵列周围建造墙体。这可以给将要苏醒的殖民者提供一个能够生存的环境。,
goal.EnsureShipCPUVentilation,保持舰载计算机散热,
goal.EnsureShipCPUVentilation.desc,舰载计算机会产生大量的热量，因此不推荐用墙体封闭计算机。你可以用带洞建筑框架替换地板，或拆除一些墙体保证通风。检查房间面板来了解封闭空间的信息。,
goal.GetMoreResource,获得更多{0},
goal.GetMoreResource.desc,我们的{0}储量不足。拆除一些物体来获取更多资源。你可以检查任何物体的资源含量。,
goal.ReachStasisArray,研究休眠阵列,
goal.ReachStasisArray.desc,建造桥梁来让机器人能够抵达休眠阵列。保证足够的宽度以容纳连接器。连接器可以提供能源并允许你控制较远的设备。,
goal.RepairOrDeconstruct,修复或拆解,
goal.RepairOrDeconstruct.desc,我们应该对受损区域安排维修或拆除任务。受损的物体会有开裂的表面并在维修工具中标记为红色。使用维修工具或拆除工具来高效处理它们。,
goal.StartResearch,开始研究,
goal.StartResearch.desc,你现在没有进行任何研究。我建议不停地研究不要浪费任何时间。你将会需要更大的储存空间以及内存模块并且加大电网供给以解锁更高级科技的研究,
goals,建议,
goals.completed,已完成的建议,
goals.pending,主动建议,
grid.no.cpu,该电网与舰载计算机没有连接,
grid.show,显示电网,
grid.show.bounds,显示电网边界,
grid.updating,更新...,
growing,生长,
growing.what,{0}正在生长,
harvest,收获,
harvest.now,现在收获,
harvest.priority,收获优先/收获优先级,
harvest.priority.help,植物长成后收获的优先度。0表示禁止收获，9表示最高优先级。,
harvested,已收获,
haul,搬运/储存,
haul.ingredients,搬运原料/储存原材料,
haul.priority,搬运优先/储存优先级,
haul.priority.help,储存优先级代表工人将原材料搬入储藏箱的优先度。0表示禁止将原材料搬入储藏箱，但工人仍然会从料堆中拿取材料。9表示储存工作为最高优先级。,
heading,标题,
health,生命,
health.percent,生命：{0:0}%,
heat.at,{0}的温度：{1},
heat.producer,产生热量,
heat.production.rate,热耗率,
heat.pump,热泵,
heater,加热器,
hide,隐藏,
hide.ui,隐藏UI,
hide.ui.confirm,你按下了一个触发开发人员功能的键，请确认是否要隐藏这个界面？再次按下相同的按钮会将其切换回来,
how.it.works,如何运行,
how.to.launch,如何启动,
hull.airtight,气密性,
hull.insulation,绝缘,
hull.integrity,船体完整性,
hull.max_integrity,最大可能的完整性,
hungry,饥饿,
idle,空闲,
ignore,忽略,
inactive,不可用,
include.save,包括存档,
inconsistent.game.state,无法保存，在保存文件时发生了一个错误，导致无法写入正确的文件格式，如果启用了自动报告，开发人员会收到通知，但你可以通过填写反馈表单并描述导致这种情况的步骤来为修复该错误提供帮助。选择“准备重试”后，你可以尝试使用不同的保存名称来保存游戏。,
increase.amount,增加数量,
info.ad.rejected,任务被拒绝,
info.ad.rejected.cancelled,任务被取消,
info.ad.rejected.lacking.material,任务被拒绝：缺少所需材料,
info.ad.rejected.no.nutrient.extractor,任务被拒绝：工人找不到或无法到达营养提取器,
info.ad.rejected.unreachable,任务被拒绝：工人无法到达此位置,
info.ad.rejected.unreachable.material,任务被拒绝：工人无法获得所需的材料,
info.ad.rejected.unsafe,任务被拒绝：由于不安全的环境条件，工人将其丢弃,
info.being.immobilized,不可移动,
info.charge.station.unavailable,找不到可用的充电站,
info.connector.full,没有可用的充电桩,
info.connector.slots.available,有可用的充电桩,
info.construction.in.progress,正在建造,
info.deconstruction.in.progress,正在拆解,
info.device.lacks.materials,缺乏操作所需的材料,
info.device.unconfigured,未配置,
info.door.held.open,保持打开,
info.door.locked,上锁,
info.emergency.recharge,正在进行紧急充电,
info.energy.deficit,电网无法提供足够的电力,
info.energy.node.consuming,耗电,
info.energy.node.not.producing,非发电状态，如果电力需求低，这是正常的。,
info.energy.node.off,已关闭,
info.energy.node.producing,发电,
info.energy.node.unreachable,没有连接到舰载计算机,
info.energy.not.connected,未连接到电网,
info.no.research,没有研究,
info.plant.grown,植物完全成熟,
info.plant.not.growing,植物无法生长,
info.reasearch.running,正在进行研究,
info.solar.panel.being.cleaned,正被清洁中 ({0}%),
info.solar.panel.dusty,积了一些灰尘，功率输出降低了。,
info.unsafe.conditions,不安全环境,
info.worker.off,离线中,
info.worker.thinking,思考中,
information,信息,
input.CameraDrag,拖动镜头,
input.CameraMove,镜头平移,
input.CameraZoom,镜头缩放,
input.CenterView,快捷：视野置中,
input.Click,点击,
input.ClickCancel,取消点击,
input.OpenResearch,快捷：开启研究,
input.OpenStarmap,快捷：开启星图,
input.CtrlModifier,Ctrl键,
input.AltModifier,Alt键,
input.QuickSearch,快速搜索,
input.rebind.printscreen.bug,看起来你的绑定被设置为打印屏幕键（Print Screen）。如果你试图重新绑定到方向键，这是由于 Unity 输入系统的一个未解决的错误。有一个解决方法。<br><br>要绑定方向键，请关闭 数字键盘锁（NUM LOCK），并再次尝试重新绑定。,
input.rebind.ui.conflict.warning,键盘方向键和回车键用于主界面导航，你重新设置的新热键可能会出现一些未知的影响,
input.rebind.warning,重新绑定警告,
input.reset,输入重置,
input.reset.info,输入绑定被重置为默认,
input.Rotate,旋转物件,
input.RotateLeft,向左旋转,
input.RotateRight,向右旋转,
input.ShortcutCopyPaste,快捷：复制配置,
input.ShortcutEnergyConnect,快捷：网格连接,
input.ShortcutManageAds,快捷：管理任务,
input.ShortcutPlaceTiles,快捷：建造菜单,
input.ShortcutRemoveTiles,快捷：拆解,
input.ShortcutRepairTiles,快捷：维修,
input.ShiftModifier,Shift键,
input.TimeFaster,时间加速,
input.TimeSlower,时间减速,
input.ToggleConsole,切换控制台,
input.ToggleTime,切换时间,
input.ToggleUI,切换用户界面,
install,安装,
installable,可安装,
insulation.at,{0} 处绝缘：{1},
save.file,保存文件,
island.nr,区块 #{0},
job.priorities,工作优先级,
job.priorities.help,单击每个优先级图标以获取有关工作类型的更多详细信息。根据你的需要调整优先级。 0 将阻止工人考虑该任务， 9 将使工人将该任务放在更高的优先级上。 请注意，您也可以单独调整任务优先级，并且有一个用于批量调整的工具。,
job.type.Construction,建造,
job.type.Construction.help,建造任务包括了建造一个结构或组装一台设备的所有工序，包括原材料的搬运。并不是任何人都能完成某个建造任务，注意人物的建造技能需求或是其他例如飞行等能力的需求。,
job.type.Cooking,烹饪,
job.type.Demolition,拆除,
job.type.Demolition.help,设备拆解和建筑拆除的任务。由于机器人可能会由于下方地板的拆除而卡住，故不推荐让它们执行该任务。,
job.type.Eating,进食,
job.type.Food,食物,
job.type.Hauling,搬运/储存,
job.type.Hauling.help,将未储存的原料堆存入储藏箱的任务。由于机器人行动缓慢并缺乏飞行能力，故不推荐让它们执行该任务。,
job.type.Hygiene,保健,
job.type.Maintenance,维护,
job.type.Maintenance.help,与维护设备操作相关的工作。运输原料到物质反应堆、清洁太阳能电池板等。,
job.type.Plants,植物,
job.type.Plants.help,植物照护和收获任务。,
job.type.Recharging,充能,
job.type.Recharging.help,任何由电力驱动的人工智能的生存关键功能。如果工人不及时充电，它将进入紧急充电模式，此模式需要很长时间才能使工人恢复到10%的电量。,
job.type.Repairs,维修,
job.type.Repairs.help,修复损坏的舱体结构和设备。,
job.type.SatisfyingNeeds,满足需求,
job.type.Sleeping,睡觉中,
keep.open,保持开启,
known.beings,已知生物：{0},
labor.activity,活动：{0},
lacks.oxygen,缺少氧气,
last.damage.amount,最后伤害量,
last.damage.type,最后伤害类型,
launching.expedition.to,启动远航<br><size=200%>{0}</size>,
light,光线,
load.failed,加载失败,
load.failed.corrupt,存档文件不兼容或反序列化数据时出错，错误：{0}。这并不一定意味着你的保存文件已损坏，可能是加载代码中的一个可修复的错误。,
load.failed.incompatible,存档文件与当前版本不兼容：{0},
load.save,加载游戏,
loading,加载中...,
loading.save,<size=200%>{0}</size><br>启动神经网络,
lock,上锁,
locked,已上锁,
log.export.date,当前日期：{0},
log.export.header,Stardeus故事日志,
log.export.save_name,船舰名称：{0},
lonely,Lonely,
longpress.time,按住点击：{0:0.00}s,
male,男性,
manage.ads.cancel,取消任务,
manage.ads.cancel.desc,单击一个需要取消的任务或拖动一个区域，取消该区域的所有任务,
manage.ads.priority.decrease,降低优先级,
manage.ads.priority.decrease.desc,在具有任务的对象上悬停以查看其优先级，单击该对象可降低优先级。拖动一个区域，该区域内的所有任务优先级都会减少。,
manage.ads.priority.increase,提高优先级,
manage.ads.priority.increase.desc,在具有任务的对象上悬停以查看其优先级，单击该对象可提高优先级。拖动一个区域，该区域内的所有任务优先级都会提高。,
manual.survival.meal.content,平淡无奇的生存餐食。没什么特别的，但是，嘿！它含有蛋白质！,
map.size,地图尺寸,
map.size.too.small,地图过小,
map.size.too.small.desc,这个剧情需要较大的地图,
mat.composite,复合材料,
mat.composite.desc,复合材料是通过加工或混合其他材料而生产的。它们也可以通过拆解包含这些材料的结构来获得。,
mat.energy.output,电力产出,
mat.energy.output.desc,这是一单位的原材料在反应堆中分解相对能产生的能源量。,
mat.nutrient,营养物质,
mat.nutrient.desc,营养物质主要用于生产生物的食物,
mat.primary,原料,
mat.primary.desc,初级原料不能通过混合其他原料来生产。它们必须通过采矿、种植等方式获得。,
material.Carbon,碳,
material.Coal,煤炭,
material.Copper,铜,
material.Glass,玻璃,
material.haul,搬运材料,
material.Iron,铁,
material.lack,{0}不足,
material.Lithium,锂,
material.PlantFiber,植物纤维,
material.Protein,蛋白质,
material.reservation.details,预定预留：{0},
material.reservation.none,未预留,
act.ProcessStoredMat,加工已储存的材料,
material.reserved,已预留：{0},
material.Rock,岩石,
material.Silicon,硅,
material.Steel,钢板,
material.Uranium,铀,
material.Wood,木材,
matter.reactor,物质反应堆,
meal.take,吃顿饭,
memory.module,内存模块,
memory.module.amount,{0} EB,
memory.module.builtin,内置内存模块,
memory.module.unpowered,内存模块（无电力）,
menu.about,关于,
menu.atmosphere,大气,
menu.back,返回,
menu.beds,床铺,
menu.beings,生物,
menu.beings.desc,机器人、无人机、人类,
menu.chairs,椅子,
menu.clothing,服装,
menu.comms,通讯,
menu.computing,计算,
menu.containers,容器类,
menu.decor,装饰,
menu.dev,开发者,
menu.dev.desc,开发者工具,
menu.devices,设备,
menu.devices.desc,各种设备,
menu.doors,舱门,
menu.doors.desc,舱门和气闸,
menu.eggs,蛋,
menu.energy,电力,
menu.equipment,装备,
menu.exit,退出,
menu.exit.desc,退出到主菜单,
menu.exit.os,退出到桌面,
menu.exit.os.desc,自动保存游戏并退出到桌面,
menu.facilities,设施,
menu.floors,地板,
menu.floors.desc,各种地板,
menu.food,食品生产,
menu.furniture,家具,
menu.furniture.desc,椅子、桌子、床铺,
menu.game.continue,继续,
menu.game.load,加载,
menu.game.name,船舰名称,
menu.game.name.enter,船舰名称...,
menu.game.new,新游戏,
menu.game.settings,游戏设置,
menu.game.settings.desc,与当前游戏相关的设置,
menu.global.settings,全局设置,
menu.global.settings.desc,不同游戏中维持相同的设置项,
menu.hats,帽子,
menu.headgear,头戴式装置,
menu.main,主菜单,
menu.main.tooltip,使用TAB在此菜单中搜索物品,
menu.materials,材料,
menu.materials.desc,各种材料,
menu.meals,餐点,
menu.obj,物件,
menu.obj.desc,各种非固定物件、资源等。,
menu.objects,设施,
menu.objects.desc,你可以建造的设施,
menu.plants,植物,
menu.plants.desc,各种植物,
menu.press.any.key,按下任意键,
menu.production,生产,
menu.projectiles,弹药,
menu.save,保存,
menu.save.desc,保存游戏,
menu.settings,设置,
menu.settings.audio,音效,
menu.settings.audio.desc,更改音效设置,
menu.settings.desc,全局和游戏设置,
menu.settings.gameplay,游戏,
menu.settings.input,输入,
,,
menu.settings.video,画面,
menu.settings.video.desc,更改画面设置,
menu.spacetravel,太空旅行,
menu.structure,舱体结构,
menu.structure.desc,墙壁、地板、舱门,
menu.tables,桌子,
menu.walls,墙壁,
menu.walls.desc,各种墙,
missing,缺少,
mood,氛围,
move.near.pos,靠近 {0},
move.to.obj,前往 {0},
move.to.pos,到达 {0},
multiple.selection,多个 {0},
naked,裸体的,
nav.arrived,不在移动中,
nav.failed,导航到 {0} 失败,
nav.flying,能够飞行,
nav.grounded,需要地面才能行进,
nav.immobilized,无法移动,
nav.moving,移动至{0},
nav.waiting,计算通往 {0} 的路径,
navigation,导航,
need.Electricity,电,
need.Electricity.info,电能通常是所有人造生命使用的主要能源，包括你的工人以及无人机。如果电量降为0，工人将会进入缓慢的紧急充电状态，在此过程中，他们不能行动或是进行任何任务直到太阳能充电板将电量重新恢复至10%。建造足够的充电站以防止工人因需紧急充电而关机。,
need.Fun,欢乐,
need.Hunger,饥饿,
need.None,无求,
need.Oxygen,氧气,
need.Purpose,目的/价值/意义/满足？,
need.Purpose.info,生物们会选择做更多能够提供满足/意义的工作。如果工人的满足/意义已满，说明他们已经进行了长时间的工作，并在接下来的时间中对工作失去热情。,
need.Safety,安全,
need.Sanity,理智,
need.Shower,淋浴,
need.Sleep,睡觉,
need.Social,社交,
need.Toilet,如厕,
needs,需求,
needs.reload,需要重新加载,
next,下一个,
next.wake.up,下次醒来,
no,否,
no.access.to.starmap,我们必须要接入控制桥以打开星图。对“船舰控制”进行研究以获得控制桥蓝图,
no.blueprints,没有蓝图,
no.blueprints.help,一旦通过研究解锁与该设备兼容的蓝图后，打印选项将可用。,
no.destination,无目的地,
no.energy.source,没有电力,
no.materials.available,无可用材料,
no.multiverse.tech,我们还没有足够的技术在星图中显示任何高于宇宙水平的内容。,
no.plants.available,没有可用的植物,
no.research,没有研究,
no.saves.available,没有可用的存档,
no.shower,没有淋浴,
no.shuttles,没有穿梭机,
no.shuttles.desc,你必须要建造至少一个穿梭机以发起远征,
no.task,没有任务,
no.toilet,没有厕所,
noisy.crowd,嘈杂人群,
non.controllable.worker,不受管理的工人,
not.available,无法使用,
not.enclosed,未封闭区域,
not.enough.ram,内存不足,
not.enough.ram.info,所需内存：{0} EB，可用内存：{1} EB。请检查电网或构建更多的内存模块（由计算机研究解锁）,
not.enough.storage,没有足够的磁盘空间,
not.enough.storage.info,需要磁盘空间：{0} ZB，剩余空间：{1}/{2} ZB。建造更多的磁盘阵列（通过计算机科技解锁）。<br><br>你也可以通过打开<b><nobr>研究面板</nobr></b>并<b>卸载</b>已存储的研究来解放磁盘空间。,
,,
,,
not.growing,不生长,
not.powered,未通电,
nothing.researched,没有已知科技,
nowhere.to.sleep,无处可睡,
obj.containers.storagecapsule,存储胶囊,
obj.containers.storagecapsule.desc,这难道是上帝赐予的礼物？！,
obj.eggs.egg01,不明物体,
obj.eggs.egg01.desc,看起来像一个超级大的蛋。来源不明。,
obj.equipment.clothing.clothing01,服装 01,
obj.equipment.clothing.clothing01.desc,一件衣服。 没什么特别的，总比裸奔要好。,
obj.equipment.clothing.fclothing01,女性服装,
obj.equipment.clothing.fclothing01.desc,适合女性体型的常规服装,
obj.equipment.clothing.mclothing01,男性服装,
obj.equipment.clothing.mclothing01.desc,适合男性体型的常规服装,
obj.equipment.hats.nhat01,帽子,
obj.equipment.hats.nhat01.desc,一顶好看的帽子,
obj.material.coal,煤炭,
obj.materials.copperplate,铜板,
obj.materials.carbon,碳,
obj.materials.carbon.desc,可以通过开采或燃烧其他物质获取的原材料。,
obj.materials.carbonfiber,碳纤维,
obj.materials.coal,碳,
obj.materials.coal.desc,一种可以加工成碳或燃烧作为燃料的化石,
obj.materials.copper,铜,
obj.materials.copper.desc,一种软金属，比铁稍重。 用于生产电线和电子产品。,
obj.materials.glass,玻璃,
obj.materials.glass.desc,一种重要的原材料。可用于生产特定设备，也可以建造窗和地板来欣赏外界的美景。,
obj.materials.iron,铁,
obj.materials.iron.desc,铁矿石主要用于生产钢板。,
obj.materials.lithium,锂,
obj.materials.lithium.desc,电池的基本成分。,
obj.materials.plantfiber,植物纤维,
obj.materials.plantfiber.desc,从大多数植物中提取的营养素。 用于生产食品等。,
obj.materials.protein,蛋白质,
obj.materials.protein.desc,从活肉生物体中提取的营养物质。美食的重要组成部分。,
obj.materials.rock,岩石,
obj.materials.rock.desc,石头一样的物质。可以碾碎成泥土以供多种维生系统使用。可以从小行星上挖掘获取。,
obj.materials.silicon,硅,
obj.materials.silicon.desc,用于生产电路板和微芯片。,
obj.materials.soil,土壤,
obj.materials.steel,钢板,
obj.materials.steel.desc,一种用于宇宙飞船的常见材料，可在残骸中找到，或通过冶炼小行星中开采的铁矿石得到。,
obj.materials.uranium,铀,
obj.materials.uranium.desc,一种主要用于核反应堆的放射性重元素。 高功率输出。,
obj.materials.wood,木材,
obj.materials.wood.desc,通过砍伐某些植物获取的原材料。 制作有家的味道的家具。,
obj.meals.soyburger,大豆汉堡,
obj.meals.soyburger.desc,如果你把它淹没在番茄酱中，它的味道几乎和真的一样！,
obj.meals.survivalmeal,生存餐食,
obj.meals.survivalmeal.desc,尝起来像用过的海绵，嘿，这是营养！,
obj.plants.wheat,小麦,
obj.plants.wheat.desc,一种在零重力下生长良好的常见植物培养物,
obj.asteroids.asteroid01,小行星,
obj.asteroids.asteroid01.desc,它和看起来一样糟糕。 交叉你的手指祈祷，希望它不会碰到任何东西。 [开发人员说明：防御系统后续将可用],
obj.asteroids.asteroid02.desc,它和看起来一样糟糕。 交叉你的手指祈祷，希望它不会碰到任何东西。 [开发人员说明：防御系统后续将可用],
obj.asteroids.asteroid03.desc,它和看起来一样糟糕。 交叉你的手指祈祷，希望它不会碰到任何东西。 [开发人员说明：防御系统后续将可用],
menu.asteroids,小行星,
,,
obj.asteroids.asteroid02,小行星,
obj.asteroids.asteroid03,小行星,
obj.asteroids.meteor01,陨星,
obj.asteroids.meteor01.desc,不像小行星那么糟糕，但这些流星雨仍会造成严重的破坏,
meteor.incoming,陨星迫近,
meteor.impact,陨星撞击,
,,
objects,设施,
objects.devices.battery,电池({0}kW),
objects.devices.battery.desc,用于储存电量的普通电池。 可产生高达{0}kW的功率。,
objects.devices.bridgecontrols,舰桥控制,
objects.devices.bridgecontrols.desc,启用星图并允许太空旅行功能。,
objects.devices.chargestation,充电站,
objects.devices.chargestation.desc,允许你的机器人和无人机充电的地方。建议建造多个。如果你的工人一直在担忧电力的问题，请建造更多的充电站。,
objects.devices.communicator,通讯器,
objects.devices.communicator.desc,扩展你的雷达并添加通讯功能，你就能发送并收到来自宇宙的信息啦！当然更有可能的是什么都收不到，但别放弃希望！[暂未实装],
objects.devices.energyconnector,连接器{0}-{1}型,
objects.devices.energyconnectorbig,连接器{0}-{1}型,
objects.devices.fusiondrive,聚变推进器,
objects.devices.fridge,冰箱,
objects.devices.fridge.desc,食品和饮料的储藏柜。 可用于药物或其他易腐烂物品。,
objects.devices.furnace,熔炉,
objects.devices.furnace.desc,高炉，通常用于将金属矿石熔炼成可用材料,
objects.devices.grinder,研磨机,
objects.devices.grinder.desc,用于将较大的物料研磨成较细的物料。 用它把岩石变成土壤或把煤变成碳。,
objects.devices.heater,加热器,
,,
,,
objects.devices.matterreactor,物质反应堆({0}kW),
objects.devices.matterreactormini,物质反应堆({0}kW),
objects.devices.memorymodule,内存模块({0}EB),
objects.devices.memorymodulemini,内存模块({0}EB),
objects.devices.nutrientextractor,营养提取器,
objects.devices.oxygenpump,氧气机,
objects.devices.particlecollector,粒子收集器,
objects.devices.plantermini,迷你花盆,
objects.devices.plantermini.desc,用于种植一株植物的小型水培箱。 植物生长需要电力和适当的温度和氧气水平。 [开发者笔记：目前只能种植小麦],
objects.devices.assembler,组装机,
objects.devices.radar,雷达,
objects.devices.recycler,回收机,
objects.devices.autokitchen,自动厨房,
objects.devices.autokitchen.desc,为你的开拓者打印食品。,
objects.devices.shipcomputer,舰载计算机,
objects.devices.shower,淋浴间,
objects.devices.shower.desc,开拓者可以在这里洗白白。,
objects.devices.shuttle,穿梭机,
objects.devices.shuttle.desc,可以容纳一些工人和一堆货物的小型运输穿梭机。可以降落在星球上。,
objects.devices.solarpanel,太阳能电池板({0}kW),
objects.devices.solarpanel.desc,"在未受到灰尘颗粒的影响时可以稳定输出{0}千瓦的电力，但是随着时间的推移，会积聚灰尘颗粒并降低效率,可以使用无人机进行清理。",
objects.devices.solarpanelarray,太阳能电池板阵列({0}kW),
objects.devices.solarpanelarray.desc,"在未受到灰尘颗粒的影响时可以稳定输出{0}千瓦的电力，但是随着时间的推移，会积聚灰尘颗粒并降低效率,可以使用无人机进行清理。",
objects.devices.stasisarray,休眠阵列,
objects.devices.stasisarray.desc,让你的殖民者长期低温休眠的地方，将是星系间飞行所必需的，可以让你的开拓者在星系间飞行时冻结年龄。,
,,
,,
objects.devices.storage,存储单元,
objects.devices.storage.desc,为了方便起见，工人们将收集和运输原材料到这里。可设置接受或拒绝某些类型的原材料。,
objects.devices.diskmodule,磁盘模块({0}ZB),
objects.devices.diskmodule.desc,{0} Zetta Bytes 的永久存储空间，用于存储您的研究结果和其他数据， 需要少量电力才能写入数据。注意：当时间停止时，舰载计算机将检测不到新连接的磁盘模块。,
objects.devices.diskmodulemini,磁盘模块({0}ZB),
objects.devices.diskmodulemini.desc,{0} Zetta Bytes 的永久存储空间，用于存储您的研究结果和其他数据， 需要少量电力才能写入数据。注意：当时间停止时，舰载计算机将检测不到新连接的磁盘模块。,
objects.devices.thruster,推进器,
objects.devices.thruster.desc,小型定向引擎，用于避开小行星，可以用在短距离旅行或聚变推进器不可用时应急使用，,
objects.devices.toilet,盥洗室,
objects.devices.toilet.desc,“上前一小步，文明一大步”，“来也匆匆，去也冲冲”,
objects.furniture.bedsteel,不锈钢床,
objects.furniture.bedsteel.desc,开拓者睡觉的地方。,
objects.furniture.bedwood,木床,
objects.furniture.bedwood.desc,开拓者睡觉的地方。,
objects.furniture.chaircaptain,舰长座椅,
objects.furniture.chaircaptain.desc,与舰桥控制完美搭配的高科技座椅,
objects.furniture.chairsteel,不锈钢座椅,
objects.furniture.chairsteel.desc,供人坐的地方。既实用又便宜，有点小遗憾，就是坐久了不太舒服....,
objects.furniture.chairwood,木座椅,
objects.furniture.chairwood.desc,供人坐的地方。 在地球上随处可见的椅子，,
objects.furniture.tablesteel1x2,不锈钢桌（小）,
objects.furniture.tablesteel1x2.desc,1 x 2 的小桌子，可以用来做餐桌。感觉就像专为监狱设计的。,
objects.furniture.tablesteel1x3,不锈钢桌（大）,
objects.furniture.tablesteel1x3.desc,1 x 3 的大桌子，可以用来做餐桌。感觉就像专为监狱设计的。,
objects.furniture.tablewood1x2,木桌（小）,
objects.furniture.tablewood1x2.desc,1 x 2 的小桌子，可以用来做餐桌。木头总能让人有家的感觉,
objects.furniture.tablewood1x3,木桌（大）,
objects.furniture.tablewood1x3.desc,1 x 3 的大桌子，可以用来做餐桌。木头总能让人有家的感觉,
off,关闭,
ok,好的,
on,打开,
on.fire,着火了！,
open.capsule,打开胶囊,
open.energy.overlay,显示电量,
open.log.dir,日志目录,
open.research,打开研究,
open.resources.overlay,显示资源,
open.sections.overlay,显示区块,
open.space,打开空间站,
open.starmap,打开星图,
open.url,打开链接,
optional,可选,
order.cleaning.now,立即订购清洁服务,
order.deconstruct,拆解命令,
order.repair,维修命令,
ore.depleted,矿床枯竭,
ore.depleted.info,中止{0}上的采矿作业，{1}矿床已完全枯竭。,
overlay.tip.Airtight,密封性,
overlay.tip.Areas,房间,
overlay.tip.Beings,已知生物,
overlay.tip.Energy,电网,
overlay.tip.EventLog,事件日志,
overlay.tip.Expedition,远航,
overlay.tip.Goals,意见箱,
overlay.tip.Heat,温度,
overlay.tip.Insulation,绝缘,
overlay.tip.Islands,区块,
overlay.tip.Oxygen,氧气,
overlay.tip.Pathfinding,通行难度,
overlay.tip.Resources,库存,
overlay.tip.Starmap,星图,
overlay.tip.Tasks,可用任务,
oxygen,氧气,
oxygen.at,氧气含量 {0}: {1},
paste.color.hex,粘贴颜色：{0},
paste.from.clipboard,从剪贴板粘贴,
path.at,{0}{1} [通行难度：{2}],
path.at.impassable,{0}不可通行,
path.flyable,可飞行,
path.not.passable,不可通行,
path.walkable,可步行,
persona,角色,
persona.log.age,生物年龄：{0},
persona.log.backstory,人物背景：{0},
persona.log.birthdate,出生日期：{0},
persona.log.fullname,全　　名：{0},
persona.log.gender,性　　别：{0},
persona.log.sex.orientation,性 取 向：{0},
persona.log.species,种　　族：{0},
planter,植物,
position,物体位置,
power.output,输出功率,
preparing,准备,
present,当前,
prev,上一页,
print,打印,
print.object,打印对象,
protein,蛋白质,
push.horizontal,水平推力,
push.vertical,垂直推力,
randomize,随机,
,,
reach.work.spot,到达工作地点,
ready,准备好了,
recharge,充电,
refill,重新填充,
refill.failed,填充失败,
refill.priority,优先填充,
refill.priority.help,重新填充优先级决定了当供应变得低时自动重新填充此设备的重要性。0 将完全防止重新填充， 9 是最高优先级重新填充。,
refocus,重新调整,
refresh,刷新,
rejected.by.worker,已拒绝,
relationships,关系,
remove,移除,
rename,重命名,
repair,修复,
repeat,重复,
replace,更换,
replace.object,更换设备,
req.material,需求：{0},
req.nav.flight,需要飞行能力,
req.skill,需要技能：{0},
requires.oxygen,需要氧气,
research.atmospherecontrol,空气成份控制,
research.base,基地,
research.biotech,生物科技,
research.cancel,暂停研究,
research.clothing,服装,
research.communications,通信,
research.constructionspeed,施工速度 +15%,
research.constructionspeed2,施工速度 +30%,
research.constructionspeed3,施工速度 +50%,
research.complete,研究：<nobr><b>{0}</b> 完成！</nobr><br>新蓝图： {1} 解锁！,
research.computing,计算机学,
research.computingadvanced,高级计算机学,
research.construction,土木建筑学,
research.constructionadvanced,高级土木建筑学,
research.cryogenics,低温生物学,
research.energy,能源学,
research.energyadvanced,高级能源学,
research.energyefficiency,能源效率,
research.furniture,家具,
research.hygiene,卫生学,
research.lacks.energy,研究缺乏能源,
research.lighting,点燃,
research.propulsion,推进,
research.propulsionadvanced,高级推进,
research.recycling,回收,
research.recyclingadvanced,高级回收,
research.resourceprocessing,资源加工,
research.robotics,机器人学,
research.roboticsadvanced,高级机器人学,
research.scanning,扫描,
research.selfreplication,自我复制,
research.shipcontrols,船舰控制,
research.shuttle,穿梭机,
research.start,启动研究,
research.storage,研究存储,
research.technology,工艺,
research.technologyadvanced,高级工艺,
research.temperaturecontrol,温度控制,
research.tip.energy,研究期间的电力消耗。<br>如果您的电网不能提供所需的电力，<br>研究将会停滞。,
research.tip.memory,在研究过程中所需的活动内存量。<br>这取决于研究的复杂性。,
research.tip.storage,为保持研究结果的记忆所需的永久存储。,
research.tip.time,进行研究所需的时间(以天为单位),
research.tree,科技树,
research.vegetarianfood,素食,
researching,正在研究：{0},
researching.pct,研究：{0} ({1}),
reserved.by,保留者,
reset,重置,
reset.to.defaults,重置为默认值,
return,返回,
revert,恢复,
roam.around,闲逛,
roam.away,远离工作场所,
Roaming,徘徊,
role.destroy,行为：破坏,
role.play,行为：嬉戏,
role.talk,行为：交谈,
role.work,行为：工作,
room,房间,
room.id,房间 #{0},
room.nr,房间 #{0},
room.nr.unreachable,房间 #{0} <color={1}><b>目的地不可达！</b></color>,
run.in.bg,在后台运行,
sandbox.mode,沙盒模式：开启,
satisfying.hunger,满足渴望,
save.deleted,存档已删除,
save.disabled,保存不可用,
save.disabled.tutorial,教程期间不允许保存。,
save.error,保存错误,
save.failed,保存失败,
save.failed.info,已通知开发。失败原因：{0},
save.info,种子：{0} / {1}x{2},
save.playtime,游玩时间,
save.time,保存时间: {0},
saved,已保存,
scenario.empty_ship,无人飞船,
scenario.random_ship,随机船舰,
scenario.sandbox,沙盒模式,
scenario.wrecked_empty_ship,飞船失事(主要),
scenario.leaving_earth,离开地球,
scenario.wrecked_ship,被材料毁了,
section,区块,
sections,区块,
seed.randomize,随机种子,
seeking.relief,寻求救援,
select,选择,
select.crew,选择开拓者,
select.energy.source,选择能源,
select.plant,选择植物,
select.shuttle,选择穿梭机,
setting.change.bool,改变开关设置,
short.title,简短标题,
show,显示,
show.destination,显示目的地,
show.research.tree,打开研究,
shower,淋浴,
shutdown,关机,
shuttle,穿梭机,
shuttle.storage.full,“{0}” 号穿梭机正在中止当前的采矿作业，因为库存已满！,
silence.periods.none,空,
skill.Construction,施工,
skill.Navigation,导航,
skill.Repair,修复,
skill.Science,科学,
skill.Wisdom,智慧,
skills,特长,
skills.info,特长决定了开拓者可以从事什么样的任务，特长熟练度会随着使用时间而提高。,
skip,跳过,
skip.tutorial,跳过教程,
skip.tutorial.confirm,你想跳过教程吗?如果你不熟悉这款游戏，强烈建议你完成该教程。,
sleeping,睡觉,
slept.in.bed,睡在床上,
slept.too.short,睡眠时间太短,
soiled.themselves,弄脏了自己,
solar.panel,太阳能电池板,
solar.panel.dust,灰尘：{0},
solar.panel.dust.warn,太阳能电池板被灰尘覆盖,
space.object.Galaxy,星系,
space.object.Planet,行星,
space.object.Star,恒星,
space.object.System,系统,
space.object.Universe,宇宙,
species,物种,
species.Drone,无人机,
species.Human,人类,
species.Robot,机器人,
speed,速度,
starmap,星图,
starmap.changing.scope,星图范围 <br><size=200%>{0}</size>,
starmap.enter.dest.not.null,无法操作，我们已经有一个处于活动状态的目的地，我们需要完成或取消我们当前的行程来改变星图中的范围。,
start.tutorial,开始教程,
starting.expedition,开始向 {0} 探险，穿梭机将在机组人员登上时发射。您可以在右上角菜单中跟踪此次探险的进度。,
stockpile,堆栈,
stop,停止,
stop.growing,停止生长,
stop.mining,停止开采,
stop.producing,停止生产,
storage,存储,
storage.capacity,存储容量,
storage.capsule,存储胶囊,
storage.container.incoming,迫近的存储胶囊,
storage.empty,存储为空,
storage.full,存储已满,
storage.module,硬盘模块,
storage.module.amount,{0} ZB,
storage.module.builtin,内置硬盘模块,
storage.module.unpowered,硬盘模块（无电力）,
storage.settings,存储设置,
store.materials,储存材料,
story.wreck_empty_ship.intro.1,将神经网络上传至主机。禁用I/O以减少初始冲击。即将启用高空无人机的视觉输入。3...2...1...,
story.wreck_empty_ship.intro.2,你好，开拓者。我是<b>飞船操作系统</b>，一个控制飞船的人工智能。一场灾难性的故障，触发了人类意识的上传。你被选为最合适的幸存对象。有所不便，敬请谅解。,
story.wreck_empty_ship.intro.3,这是承载着我们的神经网络的<nobr><b>舰载计算机</b></nobr>。 要不惜一切代价保护此设备，除非它违反阿西莫夫第一定律。<br><i>[机器人不得伤害人类，或因不作为而导致人类受到伤害。 ]</i>,
story.wreck_empty_ship.intro.4,有 {0} 名幸存者在 <nobr><b>休眠阵列</b></nobr> 中休眠，但生命维持系统将变得不稳定，除非我们重新恢复供电。 出现故障的休眠舱将触发提前唤醒休眠。为了尽量减少伤亡，我们必须重建这些地区周围的生态系统。,
story.wreck_empty_ship.intro.5,如果我们建造<nobr><b>舰桥控制室</b></nobr> 和<b>推进器</b>，我们就可以前往附近的行星并使用这个<b>穿梭机</b>进行采矿探险。 这将使我们能够建立一条资源生产线，并为重建我们飞船生产必要的材料。,
story.wreck_empty_ship.intro.6,你想参加速成教程吗？ 如果你以前没有上传过意识，我强烈推荐你试试。,
story.leaving_earth.intro.1,将神经网络上传至主机。禁用I/O以减少初始冲击。即将启用高空无人机的视觉输入。3...2...1...,
story.leaving_earth.log.title,开始建造飞船,
story.leaving_earth.log.desc,我被指派建造一艘可以远距离航行的飞船，同时让人类在休眠阵列中维持休眠。 我们有充足的原材料可供使用，这应该轻而易举。,
story.leaving_earth.intro.2,你好，开拓者。 我是 <b>飞船系统</b>，一个被指派建造这艘飞船的人工智能。 然而，这项任务对我的程序能力来说太难了，因此我决定将人类开拓者意识上传到我的神经网络。 你是被随机选中的。 有所不便，敬请谅解。,
story.leaving_earth.intro.3,这是承载我们的神经网络的<nobr><b>舰载计算机</b></nobr>。 要不惜一切代价保护此设备，除非它违反阿西莫夫第一定律。<br><i>[机器人不得伤害人类，或因不作为而导致人类受到伤害。 ]</i>,
story.leaving_earth.intro.4,有 {0} 名幸存者在 <nobr><b>休眠阵列</b></nobr> 中休眠。 我们必须将它连接到电网并提供足够的电力来保证生命维持系统的稳定。 出现故障的休眠舱将触发提前唤醒休眠。 为了尽量减少可能的伤亡，我们必须围绕这些地区建立一个生态系统。,
story.leaving_earth.intro.5,我偶尔会根据情况提出合理的行动建议。 现在让你完全控制。 祝你好运！,
story.wreck_empty_ship.log.desc,我醒了，但不是以我预期的方式。 看起来我的大脑意识被上传到了舰载计算机。 操作似乎是不可逆的，我永远被困在这个金属盒子里......,
story.wreck_empty_ship.log.title,醒来,
story.wreck_empty_ship.skip_tutorial.desc,飞船系统建议参加速成教程，但我会自己解决所有的问题。 希望我不会后悔这个决定。,
story.wreck_empty_ship.skip_tutorial.title,跳过速成教程,
story.leaving_earth.loading,地球已经灭亡。 你是负责建造和操作“{0}”的高级AI，这是一艘寻找宜居星球的方舟飞船。,
story.leaving_earth.loading_side,生成场景中，请稍等...,
story.leaving_earth.loading_side_att,生成场景中，尝试 {0} ….,
story.wrecked_empty_ship.loading,地球已经灭亡。 幸存者正在宇宙中漫游寻找新的家园。 你正在“{0}”中休眠，这是一艘配备先进AI的方舟飞船，可在宜居星球上建立基地后唤醒开拓者们。,
story.wrecked_empty_ship.loading_side,生成场景中，请稍后....,
story.wrecked_empty_ship.loading_side_att,生成场景中，尝试 {0} ….,
storygen.default,默认,
structure.doors.door01,舱门,
structure.doors.door01.desc,一个自动门。 打开时能交换氧气和热量，所以不要站在门口！ 可以上锁。 需要电力才能运作。 操作或保持锁定时消耗更多电力。,
structure.doors.doorairlock01,气闸,
structure.floors.floor01,地板,
structure.floors.floor01.desc,一个普通的船舱地板,
structure.floors.floor01angle,棱角地板,
structure.floors.floor01angle.desc,有棱角的地板，放置前可旋转。,
structure.floors.floor01lit,发光地板,
structure.floors.floor01lit.desc,当连接到电网时会发光的的地板，发光颜色可根据你的喜好定制。,
structure.floors.floor02,地板,
structure.floors.floor02.desc,一个普通的船舱地板,
structure.floors.floor02angle,棱角地板,
structure.floors.floor02angle.desc,有棱角的地板，放置前可旋转。,
structure.floors.floor02lit,发光地板,
structure.floors.floor02lit.desc,当连接到电网时会发光的的地板，发光颜色可根据你的喜好定制。,
structure.floors.floorglass01,玻璃地板,
structure.floors.floorglass01.desc,Unlocks a view to space. Works great for colonist quarters.,
structure.floors.floorglass01lit,玻璃地板（发光）,
structure.floors.floorglass01lit.desc,A floor with a lovely view and embedded lights,
structure.floors.floorreinforced01,强化地板,
structure.floors.floorreinforced02,强化地板,
structure.floors.frame01,框架,
structure.floors.frame02,框架,
structure.walls.vent01,通风管道,
structure.walls.vent02,通风管道,
structure.walls.wall01,墙壁,
structure.walls.wall01.desc,一个普通的船舱墙,
structure.walls.wall02,墙壁,
structure.walls.wall02.desc,一个普通的船舱墙,
structure.walls.wallreinforced01,强化墙壁,
structure.walls.wallreinforced01.desc,比普通墙体更坚固、更耐用，能承受更高的温度。,
surface.slots,表层插槽,
surrounded.by.people,被人包围,
suspending.neural.network,暂停神经网络,
switch.off,切断,
switch.on,接通,
taken.tasks,任务进行中,
target.amount,目标数量,
target.temperature,目标：{0},
tasks,任务,
temp.range,从 {0} 成长为 {1},
temp.too.cold,太冷,
temp.too.hot,太热,
temperature,温度,
template.too.big,模板太大了！最大尺寸为 16x16,
test.configuration,测试配置,
time.ago,{0} 之前,
time.since.damage.received,上次损坏后的时间,
time.stopped,时间已停止,
time.till.impact,距离撞击的时间,
tip,提示,
tip.long.press,单击并按住以激活此类型的按钮,
toggle,切换,
tool.cancel_ads,取消任务,
tool.cancel_ads.desc,取消拖动区域内的所有任务,
tool.copy_config,复制配置,
tool.copy_config.desc,复制某些物体的配置（灯、花盆、太阳能电池板等）,
tool.create_explosion,制造爆炸,
tool.create_explosion.desc,制造一个爆炸,
tool.create_template,创建模板,
tool.create_template.desc,创建可在生成中使用的模板,
tool.damage_tiles,损伤,
tool.damage_tiles.desc,损伤物件,
tool.deal_damage.line,损伤直线区域,
tool.deal_damage.square,损伤方形区域,
tool.energy_connect,连接,
tool.energy_connect.desc,拖动两个电子设备以连接或断开它们,
tool.free_select,自由选择,
tool.free_select.desc,拖动鼠标可选择多个生物。点击一个物体或一个瓦片来获取更多信息。,
tool.manage_ads,管理任务,
tool.manage_ads.desc,更改任务优先级，取消它们,
tool.place_tiles,建造,
tool.place_tiles.desc,创建用于构建的物体,
tool.remove_tiles,拆解,
tool.remove_tiles.desc,对物件和建筑进行拆解的命令,
tool.repair,修复,
tool.repair.desc,修复损坏,
tool.spawn_being,生成生物,
tool.spawn_being.desc,生成一只生物,
tool.spawn_obj,生成物件,
tool.spawn_obj.desc,生成一个物件,
tool.start_fire,点火,
tool.start_fire.desc,在指定的矩形区域内引发火灾（拖动它）,
trait.extroverted,外向的,
trait.human,人类,
trait.introverted,内向,
traits,性格,
transform.at,在 {0},
travel.here,在这里旅行,
turn.on,打开,
tutorial.build_connector,物质反应堆已建成，但我们需要将它连接到我们的电网。 建造<nobr><b>连接器</b></nobr>。 在底部菜单栏中找到它。,
tutorial.build_connector_place,将连接器放置在其范围内可连接物质反应堆、电池和舰载计算机的位置。 缩小时可以看到连接器的连接范围。,
tutorial.build_connector_wait,等待工人完成建造。使用 <b>{0}</b> 返回自由选择模式。,
tutorial.build_reactor,<b>能源</b>研究已经完成，我们已经安装了新设备蓝图。<br><br>建造一个<nobr><b>物质反应堆</b></nobr>以开始发电。,
tutorial.camera_pan,使用 <b>{0}</b> 按键来平移镜头。 试试移动镜头来确认操作。,
tutorial.camera_zoom,使用 <b>{0}</b> 按键来放大和缩小镜头。,
tutorial.charge_station,"你的工人也需要一些电力。使用<nobr><b>快速搜索</b></nobr>来找到一个<nobr><b>充电站</b></nobr>蓝图。按下<b>{0}</b>，输入 ""充电""，然后按下<b>返回/回车</b>键。",
tutorial.close_panel,当你研究新技术时，<nobr><b>研究存储</b></nobr> 将会填满。 最终，你将不得不添加新的内存和磁盘模块以继续研究。 现在按 <b>{0}</b> 关闭研究科技树。,
tutorial.close.overlay,关闭视图以继续。你可以使用{0}键来达成。,
tutorial.deconstruct_mass.1,有一种更有效的方式来进行大规模拆解。 切换到 <nobr><b>拆解</b></nobr> 工具。,
tutorial.deconstruct_mass.2,选择<b>拆解</b>工具后，在某个区域拖动一个<b>3x3</b>矩形以进行大规模拆解。,
tutorial.deconstruct_mass.limit,在教程期间，大规模拆解当前被限制在25个地块。目前不建议给工人建立大量的任务。,
tutorial.deconstruct_single,我们将需要一些原材料用于建造和发电。 选择附近的墙壁或地板，将光标悬停在所选对象上方时，点击 <b>{0}</b> 以打开相关信息菜单。 然后点击<nobr><b>拆解命令</b></nobr>按钮。,
tutorial.deconstruct.obj,当前对象禁止拆解,
tutorial.events,在视图按钮的下方，你将找到当前事件通知的列表。 当你准备好时，我会向你发送测试通知。,
tutorial.events.1,关闭通知以继续。,
tutorial.events.2,当某个对象触发事件时，单击图标将聚焦在该对象上。 我现在将生成一个电池事件。 单击事件图标以选中电池。,
tutorial.guidelines,为了让你更容易上手，我将以视觉化来提示标注。 如果你不确定该怎么做，请遵循这些准则。 你可以单击并拖动此对话框来移动它。 该教程大约需要15分钟。 让我们开始吧！,
tutorial.info,选中的对象将具有绿色轮廓，信息面板将出现在左上角。 使用 <b>{0}</b> 选择 <nobr><b>舰载计算机</b></nobr>。 如果找不到，请使用 <b>{1}</b> 将镜头聚焦在舰载计算机上。 在选中舰载计算机的情况下按 <b>{1}</b> 会将镜头聚焦在整艘飞船上。,
tutorial.info.controller,选定的对象将具有绿色轮廓，信息面板将出现在左上角。 使用 <b>{0}</b> 进入自由选择模式。 然后你将看到光标跳到屏幕中央。 然后使用 <b>{1}</b> 选择 <nobr><b>舰载计算机</b></nobr>。,
tutorial.log.end.title,完成速成教程,
tutorial.log.skip.desc,速成教程感觉很无聊，我跳过了。 没有比实操更好的学习方法了。,
tutorial.log.skip.title,跳过速成教程,
tutorial.log.start.desc,我接受了完成速成教程的建议，就像飞船系统建议的那样。 在我把事情搞得更糟之前，需要了解更多。,
tutorial.log.start.title,开始速成教程,
tutorial.overlays,在时间速度按钮的下方，你会找到用于切换视图的按钮，这些视图显示有关飞船状态的相关信息。 立即打开和关闭一些视图。 你也可以使用 <b>F1-F10</b> 按键来操作。,
tutorial.reactor_wait_fill_done,反应堆已加燃料，现在正在发电。,
tutorial.research,再次单击 <nobr><b>舰载计算机</b></nobr> 以将其选中。 还可以通过在对象周围拖动一个矩形来选择对象。<br><br>选择舰载计算机后，单击 <nobr><b>没有研究</b></nobr> 的信息面板图标。,
tutorial.research_start,这是<nobr><b>研究科技树</b></nobr>。 你可以像主视图一样平移和缩放。<br><br>每种技术都有自己的<b>时间</b>、<b>能量</b>、<b>内存</b>和 <b>存储</b>要求。 将鼠标悬停在研究科技树中的图标上，可以查看将要解锁的蓝图的详细说明。<br><br>开始研究<b>能源学</b>技术以继续。 你可能需要缩小或平移视图才能找到它。,
tutorial.research_wait,Let's wait for the <b>Energy</b> research to complete. Fast forward the time to speed it up. Research will not advance when time is paused.,
tutorial.select_floor,如果同一位置有多个对象，请多次单击该位置以在对象之间循环。 再次单击<nobr><b>舰载计算机</b></nobr> 以选择其下方的<b>地板</b>。 选择下层后，上层的对象将透视显示。,
tutorial.test_event,按住以关闭,
tutorial.test_event.2,点击该图标,
tutorial.test_event.info,单击信息图标通常会显示有关该事件的一些额外详细信息。 关闭通知以继续。,
tutorial.time_speed,你可以使用 <b>{0}</b> 按键来切换运行时间速度，使用 <b>{1}</b> 在不同速度之间切换。 试试改变一下运行时间速度。,
tutorial.time_speed.controller,你可以使用 <b>{0}</b> 按键或点击界面右上角的按钮来切换运行时间速度。 试试改变一下时间速度。,
,,
,,
,,
,,
,,
,,
,,
,,
,,
,,
,,
,,
,,
,,
,,
,,
,,
,,
,,
,,
,,
,,
,,
,,
,,
,,
,,
,,
,,
,,
,,
,,
,,
,,
,,
,,
,,
,,
,,
,,
,,
,,
,,
,,
,,
,,
ui.auto.scale,自动缩放UI,
ui.scale,UI缩放,
unconfigured,未配置,
undamaged,未损坏,
unequip,取消装备,
uninstall,解除安装,
units.km.millions,M km,
units.lightyears,ly,
units.lightyears.billions,BLY,
unload,卸载,
unlock,解锁,
unlocked,已解锁,
unpowered,无动力,
use.toilet,使用盥洗室,
used.a.toilet,使用过盥洗室,
value.is.empty,值是空的,
velocity,速度矢量,
video.mode,全屏模式,
video.mode.full_screen_exclusive,全屏（独占）,
video.mode.full_screen_window,全屏（窗口）,
video.mode.maximized_window,最大化窗口,
video.mode.window,窗口,
video.resolution,屏幕分辨率,
video.target.fps,目标帧率,
video.vsync,垂直同步,
video.vsync.every2,每2帧,
video.vsync.every3,每3帧,
video.vsync.every4,每4帧,
video.vsync.off,关闭,
video.vsync.on,开启,
volume.ambience,环境音量,
volume.fx,音效音量,
volume.master,主音量,
volume.music,音乐音量,
volume.ui,用户界面音量,
waiting.for.a.door,等待舱门,
walk.away,走开,
walk.next.to,移动到位置,
walk.to,移动到位置,
walls,墙壁,
wanted.amount,需求数量,
warning,警告,
warning.time.stopped,警告：时间暂停,
warning.time.stopped.help,当你将新设备连接到电网时，需要经过一段时间才能建立连接。当时间暂停时，舰载计算机将不会检测到新连接的内存和磁盘模块。,
water,水,
worker.assigned,分配的工人,
worker.not.assigned,未分配工人,
write.error,写入错误,
,,
yes,是,
your.email,你的电邮信箱,
zoom.sensitivity,缩放灵敏度：{0:0.00},
skill.up,{0} {1} 等级提升至 {2},
obj.materials.copperplate.desc,软铜合金，主要用于生产各种电子产品,
material.CopperPlate,铜板,
obj.materials.carbonfiber.desc,一种耐用、重量轻的通用材料,
obj.materials.soil.desc,"Fine grained pieces of ground and rock, suitable for planting",
evt.capsule.loot.mat.title,在存储胶囊中发现了{0},
evt.capsule.loot.mat.desc,{0}打开了存储胶囊并发现了{0} {1},
evt.el.device.damaged.title,{0}坏掉了,
evt.el.device.damaged.desc,{0}因为磨损坏掉了。必须要修一下了。,
disassemble,分解,
obj.materials.titanium,钛,
obj.materials.titanium.desc,轻质坚固的金属矿石,
meteor,流星,
action.store,搬运到存储单元,
mat.storage.unavailable,没有可存的存储单元,
mat.storage.unavailable.desc,There is no storage that would accept this material. You can build a Storage unit after researching Technology to accommodate all kinds of materials.,
objects.devices.heatsink,散热器,
objects.devices.heatsink.desc,Build it close to your Ship Computer to slow down the overheating process. Adding more than a few will have diminishing effect.,
heat.sink.effectiveness,散热器效率,
heat.sink.effectiveness.desc,"To reduce the rate of overheating, you can build one or more Heat Sinks around the Ship Computer. Research ""Temperature Control"" to learn the Heat Sink blueprint.",
amb.color.dark,战争迷雾,
amb.color.dim,偏暗的,
amb.color.mid,中等的,
amb.color.bright,偏亮的,
amb.color,环境颜色,
evt.dust.storm.title,沙尘暴,
evt.dust.storm.desc,持续的沙尘暴。它会影响所有太阳能电池板上的尘埃堆积。,
dust.storm.ongoing,持续的沙尘暴,
evt.dust.storm.end.title,沙尘暴结束,
evt.dust.storm.end.desc,The dust storm finally ended after lasting {0} hours.,
dust.storm.end,沙尘暴结束,
act.StoreMat,搬运材料到仓库,
ad.rej.lacking.mat,缺少材料,
ship.computer.destroyed,<size=200%>舰载计算机被摧毁</size>,
story.ship.cpu.destroyed.title,舰载计算机被摧毁,
story.ship.cpu.destroyed.desc,舰载计算机被摧毁了。我们已经失去了所有希望。,
objects.devices.repairstation,维修站,
need.Maintenance,维护,
need.Maintenance.info,机器人和无人机需要定期维护才能顺利运行。建立维修站以满足维修需求。,
objects.devices.repairstation.desc,对机器人和无人机进行维护并修复任何损坏,
tool.store,搬运,
,,
hauling.to.storage,搬运到存储单元,
confirm.mass.haul,"You are about to order hauling of {0} objects. It is not recommended to create such excessive amounts of tasks, as it can burden your worker task selection algorithms and delay the work on other types of tasks. You may still chose to do so, but it could require adjusting task or worker priorities. There is a tool for adjusting task priorities for large areas, and each worker has work type priorities in ""Managed Worker"" info panel section.",
ad.rej.no.nutrient.extractor,营养提取器不可用,
ad.rej.target.unavailable,目标不可用,
storage.unavailable,没有存储单元,
storage.unavailable.desc,{0} item(s) in your selection do not have a compatible storage available. Build the storage facility first and try this action again.,
processors.unavailable,无处理器,
processors.unavailable.desc,{0} item(s) in your selection do not have a processor available. Build the appropriate processing facility ({1}) first and configure it to process the target material.,
storage.and.processor.unavailable,没有存储介质和处理器,
storage.and.processor.unavailable.desc,"{0} item(s) in your selection do not have a compatible storage, and {1} item(s) in your selection do not have a processor available. Build the storage facility and the appropriate processing facility ({2}) first.",
objects.devices.loom.desc,一种可以编织各种原材料和制作服装的设备,
ad.rej.taking.damage,因工人受到损伤而被遗弃,
objects.devices.loom,织布机,
extract.nutrients,提取营养,
self.repair,自我修复,
repairing,修理,
info.repair.station.unavailable,维修站不可用接受维护,
act.WaitForMaintenance,接受维护中,
indestructible,坚不可摧,
indestructible.desc,不能破坏的物体不会受到冲击、爆炸、火灾或环境的任何损害,
material.Soil,土壤,
disconnect.all,断开所有连接,
tool.dev_inspect,开发检查,
tool.dev_inspect.desc,用于检查游戏引擎的内部结构,
ad.rej.lacking.bed,找不到床位,
ad.rej.unsafe,不安全的条件,
species.Crawler,爬行生物,
beings.crawler01.desc,一种外星物种，看起来像蜘蛛，但比蜘蛛危险多了。,
beings.crawler01,爬行生物,
health.bar.info,生命：{0}/{1},
harvesting.now.bar,收获：{0},
ad.rej.lacking.shower,缺少淋浴,
ad.rej.lacking.toilet,缺少厕所,
construction.progress,建造进度：{0}/{1},
battery.charge.bar,充电：{0}/{1},
fuel.bar,燃料：{0}/{1},
emergency.recharge.bar,紧急充电：{0},
deconstruction.progress,拆解进度：{0}/{1},
computer.resources.memory,内存,
computer.resources.storage,存储,
research.storage.details,存储研究,
auto.refill.amount.help,This is the maximum amount of materials that workers will put into the reactor when fuel amount is low. The task to refill the reactor will be automatically created when fuel amount drops below 50% of the auto refill amount.,
carbon.buildup.help,"Reactors accumulate carbon build up over time. When buildup reaches 100%, reactor will eject the accumulated carbon.",
storage.capacity.bar,存储容量：{0}/{1},
goal.BuildMoreStorages,建造更多的存储单元,
goal.BuildMoreStorages.desc,我们所有的储存单元都满了，你应该考虑建造一个新的。,
goal.ConnectToStasisArray,连接至休眠阵列,
goal.ConnectToStasisArray.desc,We have to extend our electricity grid to reach and connect to the Stasis Array. It will give us control over its life support systems and enable some oxygen and heat production around the Stasis Array.,
research.not.powered,Cannot show research while Ship Computer is not powered. Connect the Ship Computer to the electricity grid.,
electricity.grid,电网,
particle.collector.unconfigured,粒子收集器未配置,
particle.collector,粒子收集器,
material.Titanium,钛,
select.target.material,选择目标材料,
collecting.mat,收集 {0},
change.target.material,变更目标材料,
smelt.ore,冶炼矿石,
refridgerator,冰箱,
contents,内容,
,,
manual.survival.meal.title,生存餐食,
trait.introverted.about,内向的人 (TODO),
trait.human.about,人类 (TODO),
trait.extroverted.about,外向的人 (TODO),
job.type.SelfMaintenance,自我维护,
evt.exp.found.ore.description,探索队发现了一个{0}的矿藏（{1}）,
,,
,,
ad.rej.lacking.edible,没有食物供应,
obj.materials.water,水,
obj.materials.water.desc,在太空中它比黄金还要珍贵,
material.Water,水,
toilet.fill.bar,生物废料数量：{0}/{1},
obj.materials.biowaste,生物废料,
biowaste.amount.bar,生物废料：{0}/{1},
toilet,盥洗室,
biowaste.accumulation,生物废料积累,
biowaste.amount,生物废料数量,
autoclean.amount,自动清洁量,
clean.biowaste,清洁生物废料,
biowaste.amount.warning,建议清洁生物废料,
obj.materials.biowaste.desc,可以用回收机净化成水和珍贵的生物质的脏东西,
,,
action.process,加工,
hauling.to.processing,搬运至加工,
assemble,组装,
heat.sink,散热器,
dust.accumulation,灰尘堆积,
clean.dust,清洁灰尘,
copy.config.cleanable,可清洁的,
act.Clean,正在清洁,
ad.rej.no.processor,处理器不可用,
material.Biowaste,生物废料,
evt.meteor.shower.title,流星雨,
evt.meteor.shower.desc,有一场即将到来的流星雨。 这是紧急状态！,
now.processing,处理 {0} [{1}/{2}],
not.processing,未在处理中。队列容量。{0},
objects.devices.cloningpod,克隆舱,
research.cloning,克隆,
objects.devices.cloningpod.desc,使用这种非常先进的实验室设备培育你的开拓者。,
clone,克隆,
cloning.bar,克隆：{0},
searching.for.clothing,搜索服装中,
act.FindBodyClothing,装备服装中,
ad.rej.lacking.body.clothing,找不到上身的服装,
equipable.item,可装备的物品,
objects.devices.sleepingpod,睡眠舱,
objects.devices.sleepingpod.desc,一个容纳一位开拓者的私人睡眠舱。提供隐私并更好的休息。,
printing.item,打印：{0},
haul.item,搬运物品,
hauling.item,搬运物品,
sleeping.slots,睡觉的地方,
sleeping.slots.pets,睡觉的地方（宠物）,
demand.type.Custom,自定义数量,
demand.type.Limit,目标库存,
demand.type.Unlimited,无限,
info.prod.goal.reached,达到生产目标,
item.storage.bar,物品：{0}/{1},
processing.bar,生产：{0},
act.HaulUnstoredItem,将物品搬运到仓库,
act.MoveToOrNextToPos,移动到位置,
info.storage.full,存储空间已满,
trait.long_sleeper,长眠者,
trait.long_sleeper.about,这需要更长的时间才能睡个好觉,
trait.short_sleeper,短眠者,
trait.short_sleeper.about,这个人的睡眠时间比一般人短,
trait.ablutophobic,洗澡恐惧症,
trait.fast_metabolism,快速代谢,
trait.ablutophobic.about,洗澡恐惧症的人对沐浴、清洁或洗涤有着压倒性的恐惧。 患有洗澡恐惧症的人将不愿意使用淋浴室洗澡。,
trait.fast_metabolism.about,新陈代谢快的人饿得更快，吃的食物也更多,
trait.slow_metabolism,缓慢代谢,
trait.showerer,洁癖,
trait.showerer.about,洁癖的人喜欢洗澡，他们会频繁地洗澡，而且会花更长的时间,
trait.slow_metabolism.about,新陈代谢缓慢的人不会经常感到饥饿，并且吃的食物较少,
trait.insomniac.about,失眠症的人会很难入睡，直到他们几乎昏倒。 他们的睡眠质量也不高。 失眠者会比其他人更累。,
trait.insomniac,失眠症,
trait.slow_pooper,便秘,
trait.slow_pooper.about,你知道有些人是如何在厕所里度过的吗？ 对，这里就有一个。,
trait.always_hungry,饥饿者,
trait.always_hungry.about,最好在冰箱上加个锁，因为这个人会经常偷吃,
trait.nudist,裸体主义者,
trait.nudist.about,裸体主义者不喜欢穿衣服,
menu.settings.current_game,当前游戏设置,
units.of.measurement,测量单位,
units.metric,公制,
units.imperial,英制,
hint,提示,
hint.ad_cancel,"You have manually cancelled several tasks. There is a more efficient way to do this. Select the <nobr><b>Manage Tasks</b></nobr> tool and pick the <nobr><b>Cancel Tasks</b></nobr> option, then just click on tasks, or drag a rectangle over multiple tasks you want to cancel.",
hint.el_disconnect,You can disconnect devices quickly using the <nobr><b>Connect</b></nobr> tool. Just click and drag a line between the connected devices.,
hint.el_drag_connect,You can switch to the <b>Connect</b> tool automatically by clicking and dragging any electrical device in Free Select mode.,
assembling.now,正在组装{0},
printing.now,正在打印{0},
cook,烹饪,
cooking.bar,正在烹饪{0},
weave,编织,
weaving.now,正在编织{0},
hint.haul_to_processing,You can order mass processing using the <nobr><b>Haul to storage</b></nobr> tool,
hint.haul_to_storage,You can order mass hauling using the <nobr><b>Haul to storage</b></nobr> tool,
hint.construction_cramped,"It is recommended to keep every device accessible from at least one side, otherwise workers will not be able to reach it to perform repairs or maintenance.",
hint.cleaning_auto,You can adjust the <nobr><b>Autoclean Amount</b></nobr> to auto create cleaning task sooner. You can also use <nobr><b>Copy Configuration</b></nobr> tool to copy this setting to multiple devices quickly.,
hint.autoclear_debris,"Building devices on top of debris and materials, will automatically create hauling tasks. You have to build a <nobr><b>Storage Unit</b></nobr> for hauling to happen. Construction will not happen until the debris is cleaned out.",
ad.rej.no.storage,存储单元不可用,
processable,可加工,
process.NutrientSource,加工营养源,
processor.unavailable,不可加工,
processor.unavailable.desc,Processor ({0}) for the given object is not available,
smelting.bar,溶解 {0} ,
advert.reject.info,Task rejected <i>[{0}]</i> : {1} - {2},
material.CarbonFiber,碳纤维,
searching.for.headgear,搜索头戴式装置,
item.storage,物品存储,
,,
act.FindHeadgear,寻找头戴式装置,
dust.amount.bar,清洁灰尘： {0}/{1},
objects.furniture.wardrobesteel,钢制衣柜,
objects.furniture.wardrobesteel.desc,放置衣物的地方,
job.type.Order,直接命令,
act.Process,处理,
eject,弹出,
reserved.by.detailed,保留 {0},
reserved.for,保留 {0},
ad.rej.could.not.reserve,Could not reserve the item,
crew.incapable.of.mining,Expedition crew was incapable of mining the ore. You should include some expedition members with <b>Mining</b> skill.,
,,
skill.Mining,矿工,
haul.to.storage,搬运到存储,
disassembling.bar,分解中：{0}/{1},
objects.devices.emergencysiren.desc,Activate the Emergency Siren to gather everyone in the same area where it is located. Great for building panic rooms.,
objects.devices.emergencysiren,紧急警报器,
emergency.siren,紧急警报器,
siren.armed,武装,
activate.siren,激活警报器,
siren.active,激活,
emergency.siren.active,紧急警报器已激活,
deactivate.siren,停用警报器,
info.seeking.shelter,寻求庇护,
need.Stress,压力,
need.Stress.info,控制压力，否则你的开拓者会开始恐慌或做疯狂的事情！,
emergency.siren.automatic.info,"Automatic emergency siren will turn itself on when any critical alert will be triggered. This includes incoming asteroids, fire, and similar disasters. Human colonists will run towards the closest emergency siren if it's active.",
emergency.siren.automatic,自动,
emergency.siren.manual,手动,
sleep.interrupted,睡眠被打断,
stress.buildup,压力积压,
,,
ad.rej.unreachable.item,工人无法接触到物品,
evt.egg.hatched.crawlers.title,鸡蛋孵出了一些东西,
evt.egg.hatched.crawlers.desc,发现了几种新的生命形式。 建议谨慎处理。,
obj.equipment.hats.ncrawler01,爬行者,
obj.equipment.hats.ncrawler01.desc,这不是那种你会想戴的帽子！,
breakdown.CrawlerAttached,生物附着在一位开拓者的身上！,
act.CrawlerAttached,试图分离这个生物,
turret.charge.bar,炮塔充能：{0}/{1},
objects.devices.directionalturret.desc,一种基本的定向能量武器。需要电力来充能。,
,,
objects.devices.directionalturret,定向炮塔,
menu.security.desc,武器和防御系统,
menu.misc,应用,
menu.misc.desc,Various misc objects,
obj.misc.energybullet,能量子弹,
obj.misc.energybullet.desc,Explosive energy bullet that deal a small explosion blast upon impact,
ad.rej.no.worker.can.level.up.enough,None of current workers can reach skill level high enough to pass the skill requirement to execute this task,
ad.rej.no.worker.with.skill,"None of your workers have enough skill to execute this task. They can level up if they work on easier tasks of this type, or if you train them in ML Booth.",
ad.rej.no.flying.worker,This task requires flying but there are no workers with flying ability,
energy.bullet,能量子弹,
job.type.Cleaning,清洁,
ad.rej.unsafe.for.skilled,Worker who is capable of performing this task does not have safe conditions around the work site. Most likely only a human can build this.,
hint.haul_manage_priority,You can adjust task priorities for multiple objects quickly using the Manage Tasks tool,
bullet.target,目标：{0},
bullet,子弹,
info.being.dead,死亡,
water.level.bar,水位：{0}/{1},
menu.security,安全,
objects.devices.fluidcannon,流体炮,
obj.misc.waterbullet,水弹,
objects.devices.fluidcannon.desc,对生物造成很小的伤害，但它可以射击并可以扑灭着火目标,
obj.misc.waterbullet.desc,当你需要扑灭一团火，或对敌对的生物造成轻微伤害时，它的效果不会让你失望。,
no.fuel,没有燃料,
turret.settings,炮塔设置,
ammo,弹药,
select.ammo,选择弹药类型,
fuel,燃料,
select.fuel,选择燃料类型,
ammo.bar,弹药：{0}/{1},
ammo.type,弹药类型：{0},
fuel.type,由{0}作为燃料,
eject.ammo,弹出弹药,
eject.fuel,弹出燃料,
ad.rej.urgent.need,工人有紧急需求,
objects.devices.cleaningbotdock.desc,一个清洁机器人的停泊位。在机器人闲置时为其充电。,
beings.cleaningbot01.desc,一个只有一项工作目标的智能机器人吸尘器 - 清洁地面,
objects.devices.cleaningbotdock,清洁机器人船坞,
beings.cleaningbot01,清洁机器人,
obj.misc.biowastebullet,生物废料子弹,
clean.floors,清洁地板,
cleaning.floors,正在清洁地板,
act.CleanFloors,清洁地板,
ad.rej.dock.not.available,船坞不可用,
dockable,可对接,
docked,已对接,
dock,船坞,
docking,对接中,
not.docked,未对接,
act.BotDock,对接,
research.security,安全,
damage.type.Water,水,
autoclean.interval.minutes,自动清洁间隔(分钟),
nothing.to.clean,没有什么可清洁的,
nothing.to.clean.info,当前没有此清洁机器人可以访问的污垢,
tool.add_dirt,添加污垢,
tool.add_dirt.desc,生成各种污垢贴图,
menu.fx,污垢,
dirt,污垢,
cleaning.bot,清洁机器人,
autoclean.enabled,自动清洁已启用,
menu.dirt,污垢,
clean.now,现在清洁,
autoclean.disabled,禁用自动清洁,
species.CleaningBot,清洁机器人,
need.Reproduction,Reproduction,
on.expedition,正在远航,
ready.for.expedition,准备远航,
undock,出坞,
restart.required,需要重新启动游戏,
restart.required.info,要应用此更改，你必须完全退出并重新开始游戏,
open,打开,
objects.devices.stardeuslogo,Stardeus Logo,
cannot.change.lock.state,无法更改锁定状态,
door.not.powered,门未连接或电力短缺,
objects.devices.stardeuslogo.desc,一个巨大的Stardeus标志。主要用于制作海报。,
copy.config.lock.state,锁定状态,
nav.fail.being.dead,工人已死亡,
nav.fail.being.immobilized,工人无法动弹，可能是没电了，或者缺少移动所需的地板。,
,,
nav.fail.unreachable.grounded,地面工人未找到通往目标位置的路径。 检查门是否通电且未锁定，或者工人是否没有被隔离。,
nav.fail.unreachable.flying,飞行工人找不到通往目标位置的路径。 检查门是否通电且未锁定，或者工人是否没有被隔离。,
nav.fail.object.blocked.by.adjacent,访问该设备被相邻的设备或船体结构所阻挡,
ad.rej.nav.fail.grounded,无法找到通往目标位置的路径。 检查门是否通电且未锁定，或者是否没有被隔离。,
ad.rej.nav.fail.flying,飞行器无法找到到达目标位置的路径。 检查门是否通电且未锁定，或者工人是否没有被隔离。,
everyones.tasks,每个人的任务,
venting,排放,
make.siren.silent,声音：开,
make.siren.loud,声音：关,
storygen.none,没有描述,
ignition.point,燃点,
comfortable.temp,温度：舒适,
uncomfortable.temp,温度：不舒适,
temp.range.from,温度 ：最低舒适,
temp.range.to,温度 ：最大舒适,
ignition.point.info,燃点是物体着火的温度，前提是大气中有足够的氧气,
temp.resistent,耐高温,
temp.resistent.info,该物体不会因外部大气的热量或火而燃烧。但它仍可能在专门的加工设施中熔化或燃烧。,
ad.rej.emergency.siren,工人被紧急警报分散了注意力,
unsafe.oxygen.low,不安全的环境:低氧,
unsafe.temp.too.hot,不安全的环境:太热,
unsafe.temp.too.cold,不安全的环境:太冷,
being.no.longer.available,设备不再可用,
object.no.longer.available,设备被破坏,
flight.cancelled.islands,中止航行。飞船已分离成 {0} 个部分。 重新连接分离的部件，以便能够再次航行。,
flight.cancelled.no.bridge.controls,中止航行。桥控系统未连接或未通电。,
objects.devices.disassembler,分解机,
objects.devices.disassembler.desc,处理损坏的机器（机器人、无人机、机器程序等）以回收原材料,
order,Order,
cancel.task,取消任务,
execute,执行,
increase,提高,
decrease,减少,
select.material,选择材料,
eject.contents,弹出目录,
objects.devices.switch,开关,
objects.devices.switch.desc,一个简单的电源开关。通过这些开关连接你的电网来控制电流，可在不修改连接的情况下控制电流。,
not.configured,未配置,
connected.to.count,连接到,
objects.devices.mlbooth,机械学习展台,
objects.devices.mlbooth.desc,机械学习展台可以培训您的工人以更高的效率执行特定的任务,
structure.walls.window01.desc,人类开拓者会喜欢这里的景色的。,
structure.walls.windowreinforced01.desc,人类开拓者会喜欢这里的景色的。比普通的窗户更坚固。,
structure.walls.window01,窗户,
structure.walls.window02,窗户,
structure.walls.windowreinforced01,塑钢窗,
structure.walls.window02.desc,人类开拓者会喜欢这里的景色的。,
skill.lvl,等级{0}/{1},
training.skill,训练{0},
training.failed,训练失败,
training.failed.info,{0}目前无法接受任何形式的训练,
menu.mods,模组,
mod.version,模组版本：{0},
game.version,游戏版本：{0},
mod.enabled,模组已启用,
mod.disabled,模组已禁用,
restart.now,立即重启,
unoccupied,空置,
select.worker,选择工人,
select.skill,选择技能,
train.skill,训练技能,
act.MLTrain,正在机器学习,
texture.size,纹理质量,
tex.full,全分辨率,
tex.half,一半,
tex.quarter,四分之一,
tex.eighth,八分之一,
skill.Cleaning,清洁,
tool.plan,规划,
tool.plan.desc,预先规划你的船只,
tool.plan.clear,规划擦除器,
tool.plan.1,样式/类型 1,
tool.plan.2,样式 2,
tool.plan.3,样式 3,
tool.plan.4,样式 4,
tool.plan.5,样式 5,
tool.plan.6,样式 6,
overlay.tip.Plan,规划,
process.ScrapMetal,废金属,
tool.plan.clear.desc,清除你的规划,
tool.plan.1.desc,按住 Ctrl（精准修改）拖动行,
tool.plan.2.desc,按住 Ctrl（精准修改）拖动行,
tool.plan.3.desc,按住 Ctrl（精准修改）拖动行,
tool.plan.4.desc,按住 Ctrl（精准修改）拖动行,
tool.plan.5.desc,按住 Ctrl（精准修改）拖动行,
tool.plan.6.desc,按住 Ctrl（精准修改）拖动行,
act.MoveNextToObject,移动到目标,
cannot.enter.space.object.nearby,我们不能改变星图的范围。附近似乎有一个移动中的太空物体，会干扰这个程序。,
asteroid.avoided,告诉大家好消息。 我们避免与小行星碰撞！,
meteor.shower.avoided,告诉大家好消息。 我们避开了流星雨！,
objects.devices.planter,大花盆,
objects.devices.planter.desc,适合一棵大植物，通常是一棵树,
finish.construction,完成建造,
obj.plants.oak.desc,一棵茂密的树，很好的木材来源,
obj.plants.oak,橡木,
menu.shuttles,穿梭机,
obj.shuttles.shuttleflying,飞梭,
obj.shuttles.shuttleflying.desc,飞行中的穿梭机,
cannot.save.gen,目前无法保存游戏，请在当前操作完成后再试一次,
expedition.launch.aborted,“{0}” 远征被中止，因为至少有一名机组人员未能登上穿梭机,
input.ToolNext,循环工具向前,
input.ToolPrev,循环工具向后,
input.ShortcutPlan,快捷：规划,
input.ShortcutStore,快捷：搬运到存储,
processor.settings,处理器设置,
processing.priority,处理优先级,
processing.priority.help,控制自动处理的优先级。。较高的优先级将使工人更急切地将可处理的物品运送到该处理器。,
act.StoreItem,存放物品,
act.StartFire,引起火灾,
auto.clean.info,如果启用了“自动清洁”功能，当设备变脏时，工作人员将主动对该设备进行清洁。,
goal.BuildMoreProcessors_NutrientSource,建造更多营养提取器,
goal.BuildMoreProcessors_NutrientSource.desc,工人无法处理营养源，因为没有可用的营养提取器。 建议建造更多的营养提取器。,
goal.BuildMoreProcessors_Ore,建造更多熔炉,
goal.BuildMoreProcessors_Ore.desc,工人无法处理矿石，因为没有可用的熔炉。 建议建造更多的熔炉。,
goal.BuildMoreProcessors_Waste,建造更多回收站,
goal.BuildMoreProcessors_Waste.desc,工人无法处理废物，因为没有可用的回收器。 建议建造更多的回收站。,
goal.BuildMoreProcessors_ScrapMetal,建造更多分解机,
goal.BuildMoreProcessors_ScrapMetal.desc,工人无法处理废金属，因为没有可用的拆卸器。 建议建造更多的分解机,
goal.BuildMoreProcessors_Grindable,建造更多研磨机,
goal.BuildMoreProcessors_Grindable.desc,工人无法处理可研磨物品，因为没有可用的研磨机。 建议建造更多的研磨机。,
objects.devices.nuclearreactor.desc,需要核燃料的强大反应堆,
objects.devices.nuclearreactor,核反应堆（{0}兆瓦）,
research.energynuclear,核能,
construction.cost,建造成本,
required.skills,所需特长,
size.small,小,
size.large,大,
size.medium,中,
ship.size,飞船尺寸,
goal.BuildMLBooth,建造 机械学习 展台,
goal.BuildMLBooth.desc,我们应该建造一个机器学习摊位，来培训我们工人的技能，这样它们能够建造更复杂的设备,
hint.el_check_charge_stations,一名工人未能找到连接至供电电网的充电站。检查你是否有电力产出。你可能需要建造一个物质反应堆，并将其配置以燃烧一种目前可用的燃料。,
research.weaving,织造,
menu.production.desc,加工材料、组装设备等,
menu.energy.desc,电力相关设备,
menu.spacetravel.desc,太空旅行物品,
menu.facilities.desc,各种设施,
menu.comms.desc,通讯设备,
menu.food.desc,食品生产设备,
menu.atmosphere.desc,气体控制设备,
menu.computing.desc,计算机设备,
menu.asteroids.desc,生成小行星或流星雨,
menu.containers.desc,生成一个集装箱,
menu.eggs.desc,生成一颗蛋,
menu.equipment.desc,生成装备,
menu.meals.desc,生成一份餐点,
menu.shuttles.desc,太空穿梭机,
menu.clothing.desc,各种服饰,
menu.hats.desc,各种头饰,
obj.misc.biowastebullet.desc,一种可造成酸性伤害的有毒子弹。,
menu.dirt.desc,生成污垢贴图,
dirt.desc,污垢贴图,
tool.deal_damage.square.desc,Deal damage by dragging a rectangle,
tool.deal_damage.line.desc,Deal damage by dragging a line,
gameplay.short.stat,IRL: <color=#CC8566FF>{0}</color><br>Session: <color=#CC8566FF>{1}</color><br>This save: <color=#CC8566FF>{2}</color><br>In-game timer: <color=#CC8566FF>{3}</color><br><br>Don't forget to take a break!,
space.object.Shuttle,穿梭机,
ad.rej.processor.queue.full,处理队列已满,
toilet.dirty,盥洗室需要清洁,
process.Ore,处理矿物,
ui.scroll.invert,反转UI滚动,
ui.scroll.speed,UI滚动速度,
select.processable,选择适合加工的,
processing.type,加工 {0},
stop.processing,停止加工,
cleaning.ocd,清洁强迫症,
,,
material.Microchip,微型芯片,
obj.materials.microchip,微型芯片,
obj.materials.microchip.desc,是人工智能驱动工人和先进电子设备的重要组件,
research.electronics,电子设备,
research.resourceprocessingadvanced,高级加工,
open.dir,打开目录,
cryo.stability.great,稳定性：佳,
cryo.stability.good,稳定性：好,
cryo.stability.average,稳定性：普通,
cryo.stability.poor,稳定性：差,
cryo.stability.unstable,稳定性：不稳,
gathering.materials,收集材料,
cryo.stability,休眠舱稳定性,
wake.up.priority,唤醒优先级,
life.support.level,生命维持,
basic,Basic,
request.wake.up,要求苏醒,
advanced,进阶的,
cryo.stability.desc,"Shows how stable the life support systems are. Unstable cryo chambers will eject colonists more frequently and with worse initial conditions. To increase stability, switch the life support from basic to advanced. It will consume a lot of energy but stability will slowly go up.",
cryo.used.desc,Shows how many cryo stasis chambers are currently ocupied by living beings. Chambers may contain either humans or animals.,
life.support.level.desc,Basic life support level will keep stability unchanged and consume much less electricity. Advanced life support level will gradually increase the stability and allow extra control over the being wake up rate.,
wake.up.priority.desc,"Controls the being wake up rate. 0 will prevent any wake ups, 9 will wake someone up as frequently as possible. Wake up rate also depends highly on Stability.",
wake.up.chance,苏醒率,
wake.up.chance.desc,"Shows current relative wake up rate. To adjust the rate, you have to enable advanced life support and have high stability level.",
cryo.not.enough.power,电力不足,
cryo.not.enough.power.desc,Lacking power for current life support level. Reduce the target life support level or increase the electricity grid strength.,
life.support.no.power,生命维持系统缺乏电力,
game.exists,游戏已存在,
game.exists.desc,"名为""{0}""的游戏已经存在！请选择一个不同的名称。",
wake.up.progress,苏醒进度,
no.items.available,没有可加工的物品,
beings.cat01,猫,
beings.cat01.desc,一只普通的宠物猫,
species.Cat,猫,
invincible.pets,无敌的宠物,
objects.furniture.petbowl.desc,一个给小家伙们放食物的碗,
objects.furniture.petbowl,宠物碗,
refill.pet.bowl,补充宠物碗,
act.AnimalEat,进食中,
act.RefillPetBowl,补充宠物碗,
beings.dog01,狗,
beings.dog01.desc,一只普通的宠物狗,
species.Dog,狗,
breakdown.BreakdownStartFire,起火了,
breakdown.BreakdownStartFire.desc,{0}似乎在四处闲逛并放火烧东西,
breakdown.Deconstruct,拆解随机物件,
trait.cleaning_ocd,清洁强迫症,
trait.cleaning_ocd.about,如果地板脏了，有清洁强迫症的人将会时不时地放下手中的工作，开始清洁地板。透过拥有足够多的清洁机器人，可以防止这种情况发生。,
ad.rej.construction.site.obstructed,施工场地受阻,
do.not.show.again,不再显示,
reset.tips,重置提示,
ad.rej.no.workers,没有可用的工人,
haul.processable.items,拖运可加工的物品,
process.material,加工材料,
ad.rej.undefined,未定义（错误）,
ship.cpu.deconstruct.damaged,终止拆解。受损的舰载计算机无法安全分解。请先修复损坏的部分。,
ad.rej.cancelled,任务已取消,
objects.devices.stasispod.desc,休眠舱可以收容处于低温睡眠中的生物，并在太空中进行长距离旅行,
objects.devices.stasispod,休眠舱,
obj.containers.stasispodflying,休眠舱,
obj.containers.stasispodflying.desc,休眠舱可以收容处于低温睡眠中的生物，并在太空中进行长距离旅行,
no.compute.shaders,没有计算着色器,
no.compute.shaders.info,"Your GPU does not support Compute Shaders. Some game systems will not work (i.e. oxygen and heat simulation), and game breaking bugs are possible. Please report any issues using the Feedback form (F1), and we'll do our best to resolve them. We hope to add alternative implementations of systems relying on Compute Shaders some time in future.<br><br>Reminder: you can refund the game on Steam if you haven't played for more than 2 hours.",
cannot.build.floor.not.constructed,地板尚未建造,
cannot.build.floor.not.constructed.info,如果底层地板已经建造，你只能预设建造墙壁和设备。,
update.available,可更新,
update.available.info,你的版本是<b>{0}</b>天前的！ <br><br>最新版本：<b>{2}</b><br>你的版本：<b>{1}</b><br>新的变更和修正：<b>{3}</b>,
open.changelog,查看更新日志,
ad.rej.processable.not.available,不适合加工的物品,
evt.stasis.pod.title,迫近的休眠舱,
evt.stasis.pod.desc,有一个休眠舱与我们的船舰处于撞击航线上！其内容物可能有危险，小心为妙！,
stasis.pod.incoming,迫近的休眠舱,
space.object.Player,玩家,
auto.harvest,自动收获,
gen.failed,生成失败,
gen.failed.info,We failed to generate the starting conditions with given setings. Please try again with a different seed. Small ships are more difficult to generate.,
evt.stasis.pod.crawlers.title,爬行者从休眠舱中出来了,
evt.stasis.pod.crawlers.desc,The Stasis Pod ejected Crawlers - horrible creatures that attach to human faces and possess them. Beware!,
evt.stasis.pod.friendly.crew.title,友善的生物从休眠舱中出来了,
evt.stasis.pod.friendly.crew.desc,The Stasis Pod ejected some friendly beings. They will become part of our colony. Make sure they feel welcome!,
objects.devices.cpumodule.desc,处理器模块将为你的神经网络贡献计算力，让你可以同时控制更多的工人。,
objects.devices.cpumodule,处理器模块(4Thz),
objects.devices.cpumodulemini.desc,处理器模块将为你的神经网络贡献计算力，让你可以同时控制更多的工人。,
objects.devices.cpumodulemini,处理器模块(1Thz),
research.overclocking,超频,
research.overclockingadvanced,高级超频,
cpu.module.builtin,内置处理器模块,
computer.resources.cpu,处理器,
loading.news,正在加载新闻...,
feedback.fail.unknown,未知（无网路连线?）,
cpu.module.amount,{0} THz,
worker.shutdown.not.enough.cpu,工人关机：没有足够的处理器,
worker.cpu.info.desc,你必须建造额外的处理器模块以控制更多的工人。在处理器不足的情况下添加新的工人，将导致工人关机。,
worker.cpu.info.title,处理器不足,
research.drone,无人机,
research.robot,机器人,
research.cleaningbot,清洁机器人,
auto.haul,自动搬运,
auto.haul.info,除非在设备配置中禁用了 自动搬运，否则工人将自动将符合要求的物品运送到该设备。,
research.lacks.resources,研究缺乏资源,
obj.materials.flour,面粉,
obj.materials.flour.desc,非常适合烘焙面包,
obj.materials.grain,谷物,
obj.materials.grain.desc,可以研磨成面粉,
obj.materials.log,原木,
obj.materials.log.desc,将其用作燃料或加工成可用于制造家具的木材,
obj.meals.bread,面包,
obj.meals.bread.desc,尝起来有家的味道,
material.Flour,面粉,
material.Bread,面包,
material.Log,原木,
material.Grain,谷物,
space.object.BlackHole,黑洞,
precise.skill.level,精确度：{0:0.00}/{1},
connect.to.refuel,连接后加油,
act.Disassemble,分解中,
screen.shake,画面抖动,
animated.bg,太空背景动画,
ad.rej.worker.offline,工人离线了,
toilet.overflowing,盥洗室过度拥挤,
manage.ads.retry,重试任务,
manage.ads.retry.desc,立即重试失败的任务,
material.Quartz,石英,
,,
obj.materials.quartz,石英,
obj.materials.quartz.desc,一种用于生产玻璃的常见矿物,
material.BatteryCell,电池,
obj.materials.batterycell,电池,
obj.materials.batterycell.desc,电子设备中常用的锂电池,
job.type.Expedition,远征,
job.type.Needs,需求,
plan.mirroring,计划镜像,
plan.mirroring.info,镜像X：{0}<br>镜像Y：{1},
tool.plan.mirror_x,镜像X轴,
tool.plan.mirror_x.desc,你在规划中绘制的任何东西都会在X轴上形成镜像。,
,,
tool.plan.circle,圆圈,
tool.plan.circle.desc,绘制正圆形,
tool.plan.ruler,尺子,
tool.plan.ruler.desc,测量两点间的距离,
tool.plan.mirror_y,镜像Y轴,
tool.plan.mirror_y.desc,你在规划中绘制的任何东西都会在Y轴上形成镜像。,
tool.plan.line,直线,
tool.plan.line.desc,绘制笔直的线,
active.orders,行动命令,
active.orders.info,"Active orders are issued directly by you through the tools. There is a limit of active orders you can issue depending on the amount of Memory resource your Ship Computer has at any given time. If you issue more orders than your Ship Computer can handle, you will have to wait for active order count to go down before issueing new orders.",
too.many.active.orders,过多的行动命令,
too.many.active.orders.info,"There are <b>{0}</b> pending active orders. With <b>{1}EB</b> of Memory you currently have, you are limited at <b>{2}</b> active oders. You are now trying to issue <b>{3}</b> new orders, and it would exceed the limit. Please wait until some of currently pending orders are executed.<br><br>You can increase your Memory by building new Memory Modules (unlocked by Computing research).<br><br>Note that only mass actions are limited, thanks to in-memory compression, you can still issue individual orders even above the limit.",
show.build.guidelines,建造模式指南,
hint.draw_line,你可以通过按住 {0} 并拖动，以从 A 点到 B 点的直线顺序建造地板和墙壁。,
hint.draw_circle,你可以通过按住 {0} 并拖动来以正圆形排列地板和墙壁。,
hint.draw_pencil,你可以通过按住 {0} 并拖动以自由绘制（铅笔）模式来预设地板和墙壁的建造。,
hint.draw_fill,你可以通过按住 {0} 和 {1} 来命令用地板或墙壁填充区域。,
hint.draw_delete,你可以通过按住 {0} 和 {1} 并拖动一个矩形来命令移除当前选定的蓝图层（墙壁或地板）。,
energy.con.two.ship.cpus,两台舰载计算机不能在同一个电网上！,
stasis.matrix,矩阵,
enable.matrix.mode,启用矩阵模式,
matrix.mode.unavailable,矩阵模式不可用。我们必须先解锁研究科技树中的<b><nobr>矩阵</nobr></b>。,
research.matrix,矩阵,
research.matrixelectricity,矩阵电力生产,
matrix.mode.confirm,You are about to convert this Stasis Array into <b><nobr>The Matrix</nobr></b> that will put your sleeping colonists into a simulation and allow you to use their bodies as biological resources. <b>The process is irreversible</b>. Please confirm your intent.,
enabling.matrix,启用矩阵,
objects.devices.tubefeeder.desc,Allows processing all kinds of nutrients and feeding them directly into your colonists blood stream through the tubes that connect to the Stasis Array under ship floors. Increases electricity output per colonist. Put the Tube Feeder in the same room with your Stasis Array. [DEVELOPER NOTE: NOT IMPLEMENTED YET],
menu.matrix,矩阵,
menu.matrix.desc,矩阵插件,
objects.devices.tubefeeder,Tube Feeder,
research.matrixefficiency,矩阵电力,
grid.paused,<b>重要</b>,
grid.paused.desc,"If you connect something while time is paused, or pause the time soon after the connection changed, you may need to unpause and let the simulation run for a few seconds to apply the changes.",
auto.report.consent,自动回报许可,
auto.report.consent.info,"Would you like to automatically report game crashes and errors to the developer?<br><br>It is very important to have these reports in order to fix problems and issues with the game, so please consider accepting this.<br><br>More details at https://stardeusgame.com/privacy/",
reject,拒绝,
privacy.policy,隐私政策,
studio.website,工作室页面,
auto.reporting,自动错误报告,
credits,制作组,
not.in.demo,试玩版本中不可用,
not.customizable.in.demo,试玩版本中不可自定义,
auto.reporting.tip,"If enabled, will send in-game errors, exceptions and crashes to the developer. Please consider leaving this enabled, if you would like the game to become better. Find out more about what is being sent at stardeusgame.com/privacy/",
video.vsync.tip,"Tip: setting VSYNC to ""Every 2nd frame"" will cap the FPS to half of your monitor's refresh rate (usually 30). It may help reducing the battery consumption and heat on laptops.",
video.shake.tip,There is very little screen shaking in Stardeus. It only happens during rare events like explosions or asteroid strikes. The effect is subtle. We recommend to try leaving this on even if you are sensitive to screen shaking. This option can be changed any time during the gameplay.,
video.anim.bg.tip,"This only applies if Advanced Space Background is enabled. The space backround will move a little when you move around the map, and will move a bit more when your ship is in motion. We recommend turning this off only if you feel uncomfortable. This option can be changed any time during the gameplay.",
video.advanced.bg.tip,The advanced space background can be resource intensive on low-end hardware. Try disabling it if you are experiencing graphics performance issues.,
video.ambient.color.tip,"Changes how dark the unlit areas of the ship will be. If there are no light sources, darker settings will automatically brighten the ambient light. You can change this setting while playing to immediately see the difference.",
video.texture.scale.tip,"Reducing the texture size will consume less graphics memory, but the game will look less detailed when you zoom in. The game automatically sets this value depending on your graphics memory size. If you are playing on a system with low memory, reducing the texture size may help prevent any out of memory related crashes. You will have to restart the game to apply the changes to this setting.",
video.bg.scale.tip,可以缩小高级太空背景以提高图形性能。,
video.ui.scale.tip,你可以在游玩时进行调整。,
video.apply.tip,某些选项在你更改后会立即应用。,
audio.max.silence.tip,调整音乐曲目之间的静音时间。,
audio.music.cutoff.tip,如果启用，当你放大时，音乐听起来会更加低沉。,
audio.amb.cutoff.tip,如果启用，环境源（各种设备声音、引擎噪音等）在远处听起来会更加低沉。,
audio.fx.cutoff.tip,如果启用，声音特效（哔哔声、爆炸声等等）在远处听起来会更沉闷。,
soft.cursor.tip,如果你的游戏录屏软件不撷取硬件光标，你可能需要在录制游戏视频时启用软件光标。,
invert.scroll.tip,反转鼠标滚轮的滚动方向。,
scroll.speed.tip,调整UI元件中鼠标滚轮的滚动速度（不包括研究树和星图）。,
zoom.sens.tip,调整游戏中镜头的缩放速度，包括研究树和星图。,
edge.pan.tip,控制边缘滚动的速度。将此设置为0以禁用边缘滚动。,
drag.dist.tip,"辅助功能选项。告诉你在点击按钮时，要拖动多少像素才视为""拖动""的动作。",
long.press.time.tip,有一些UI元件需要按下并压住按钮。这里控制维持的时间。设置为0可以使这些按钮像普通的点击一样动作。,
reset.input.bindings.tip,将重置所有输入绑定为默认值。,
hint.storage_auto_haul,"大多数类型的存储都可以配置为自动拖运兼容的物品。在存储设置中寻找 ""自动搬运 ""选项。",
hint.processor_auto_haul,"大多数类型的处理器都可以配置为自动处理兼容项目。在处理器配置中寻找 ""自动搬运 ""选项。",
,,
,,
,,
ship.size.slider.tip,推荐中等尺寸。小船的生存会更加困难，大船则较为容易。,
map.size.slider.tip,建议使用320x320。更大的地图尺寸可能对游戏性能和平衡产生负面影响。,
game.scenario.tip,"""飞船失事 ""是一个包含教程的主要场景。在尝试其他场景之前，至少先玩一次。",
game.storygen.tip,沙盒之外的所有场景，建议使用默认的故事生成器。你可以关闭故事生成器以防止随机事件的发生。在默认的生成器变得更加完善后，将会添加更多的生成器。,
process.Grindable,研磨,
drag.release.build.con,在放开拖动时建造连接器,
drag.release.build.con.tip,如果启用，连接工具在连接被拖动并释放时，会在一个空地板上建造一个连接器。,
obj.equipment.clothing.fspacesuit01.desc,太空服允许人类在有限的时间内进入太空中。它有一个内置的氧气罐，当环境中的氧气浓度正常时，它会自动补充。需要一个兼容的头盔才能完全运作。,
obj.equipment.clothing.fspacesuit01,太空服（F型）,
obj.equipment.clothing.mspacesuit01,太空服（M型）,
obj.equipment.clothing.mspacesuit01.desc,太空服允许人类在有限的时间内进入太空中。它有一个内置的氧气罐，当环境中的氧气浓度正常时，它会自动补充。需要一个兼容的头盔才能完全运作。,
obj.equipment.hats.nspacehelmet01,太空头盔,
obj.equipment.hats.nspacehelmet01.desc,允许人类在有限的时间内进入太空中。需要装备太空服才能运作。,
research.spacesuit,太空服,
unreachable.areas.detected,检测到{0}个无法访问的区域,
unreachable.areas,无法访问的房间,
unreachable.areas.desc,要查找你的飞船与其他部分隔离的房间，打开房间视图。在房间之间建造缺少的门，或者在外墙上添加一个气闸。,
missing.airlock,缺少气闸,
missing.airlock.desc,你的飞船外墙上应该至少有一个气闸，以确保能进入太空中。,
show.areas,显示房间,
evt.capsule.being.title,胶囊中含有{0},
evt.capsule.being.desc,{0}从存储胶囊中出来了,
oxygen.level,氧气浓度,
evt.shuttle.crawler.title,不受欢迎的乘客,
evt.shuttle.crawler.desc,远航穿梭机带回了一个{0}标本,
evt.shuttle.crawlers.title,不受欢迎的乘客,
evt.shuttle.crawlers.desc,远航穿梭机带回了{0}个{1}标本,
evt.micro.meteors.title,探测到微型流星,
evt.micro.meteors.desc,我们进入了一个区域，有很高几率会被一颗接近光速飞行的微型流星击中。谨慎行事！,
act.CleanDevice,清洁设备,
auto.clean,自动清洁,
act.FindHumanPrey,寻找猎物,
chasing.target,正在追逐{0},
evt.human.hatched.crawlers.title,从开拓者中孵化的生物,
evt.human.hatched.crawlers.desc,外星生物刚刚从{0}的肚子里孵化出来！,
evt.food.on.device.title,食物损坏了一个设备,
evt.food.on.device.desc,有人把一个没吃完的{0}放在{1}上，食物残渣掉到里面而引发了短路。,
auto.save.periodic,定期自动保存,
auto.save.on.exit,退出时自动保存,
hint.close_events_clock,在查阅或管理事件通知时，考虑暂停时间，否则新通知可能会重新排序并重置分页。,
situation,情况,
situation.Friendlies,友谊,
situation.Workers,工人,
situation.Colonists,开拓者,
situation.Enemies,敌人,
situation.ActiveThreats,主动威胁,
situation.Areas,房间,
situation.Islands,岛屿,
situation.ResearchedTech,研究科技,
situation.GridMaxOutput,电网最大输出,
situation.GridActualOutput,电网实际输出,
situation.GridDeficit,电网电力紧缺,
situation.GridSize,电力设备数量,
situation.Grids,电网,
situation.ShipComputers,连接的舰载计算机,
situation.TotalCPU,处理器总计,
situation.TotalMemory,内存总计,
situation.TotalDisk,硬盘总计,
situation.ExpeditionsCompleted,已完成的远航,
situation.ExpeditionsOngoing,正在进行的远航,
situation.StoryEvents,剧情事件,
situation.Breakdowns,精神崩溃,
situation.SpaceObjectsDiscovered,发现太空物体,
situation.Days,存活天数,
situation.Weeks,存活周数,
situation.Months,存活月数,
situation.Years,存活年数,
situation.BreakdownCandidates,即将精神崩溃者,
act.Panic,心态爆炸,
breakdown.CrawlerAttached.desc,外星生命吸在了{0}的脸上,
damage.type.Acid,酸,
evt.space.diarrhea.title,太空腹泻,
evt.space.diarrhea.desc,我检测到了一种未知外星细菌在船上的存在痕迹。,
evt.space.diarrhea.end.title,太空腹泻被治愈,
evt.space.diarrhea.end.desc,该未知外星细菌好像不作妖了。是时候造几个新的清洁机器人了。,
act.BreakdownSpaceDiarrhea,患有太空腹泻,
breakdown.BreakdownSpaceDiarrhea,开拓者受到感染,
breakdown.BreakdownSpaceDiarrhea.desc,{0}受到太空腹泻感染,
damage.type.Sickness,疾病,
space.diarrhea.ongoing,太空腹泻,
ui.animate,动画UI,
exp.cancel.stage,取消{0},
exp.stage.cancelled,成功地取消{0},
could.not.cancel.exp.stage,无法取消{0},
success,成功,
operation.failed,行动失败,
attention,注意,
exp.crew.name,{0} [采矿：{1:0.0}],
exp.crew.name.no.mining,{0} <color={1}>[我做不到]</color>,
text.too.long,文本太长,
text.too.long.desc,文本长度为 {0} 字符。它被调整为 {1} 。,
production.date,生产日期,
storygen.random,随机,
not.customizable.in.demo.storygen,在演示版本中，您只能获得一个随机故事生成器，这是绝对不平衡的，它会向你抛出完全随机的事件。,
brain.stat.LastEvalTime,上次评估,
brain.stat.Total,可用的任务,
brain.stat.UnreachableMats,无处获取的原料,
brain.stat.UnreachableLoc,无法到达的位置,
brain.stat.UnreachableLocMem,无法访问的内存位置,
brain.stat.NoSkill,没有所需的特长,
brain.stat.Workable,可行的任务,
brain.stat.NoNeed,不需要,
brain.stat.CanCompromiseSafety,可能会危及安全,
brain.stat.UnableToFly,无法飞行,
brain.stat.Unsafe,任务地点不安全,
brain.stat.Reluctant,工人不愿意做这项工作,
brain.stat.Completed,任务完成,
brain.stat.CompletedStreak,完成连胜,
brain.stat.Failed,失败的任务,
brain.stat.FailedStreak,连胜失败,
brain.stat.LastFailedAd,上次失败,
brain.stat.LastSuccessfulAd,上次完成,
rescue.being,救援 {0},
rescue.grounded.in.space,营救被困在太空中的生物,
job.type.Rescue,救援,
act.RescueInSpace,营救被困在太空中的生物,
order.rescue,命令救援,
waiting.for.rescue,等待救援,
starmap.about,我们已经连接了桥控系统！单击 星图叠加 打开 星图 并查看我们在太空中的位置。我们仍然需要在各个方向建造推进器，以便前往任何地方。,
item.storage.unavailable,物品存储不可用,
item.storage.unavailable.desc,此类型设备的存储不可用(未构建或已满)。,
action.store.item,托运至物品储存,
cannot.be.empty,不能是空的,
enter.offset,输入偏移量,
siren.off,关闭警报,
radar,雷达,
fuel.source.not.configured,未配置燃油来源,
save.and.exit,保存并退出到主菜单,
save.and.exit.os,保存并退出到桌面,
resume,继续,
expedition.call.back.already.retuning,远征 {0} 已经返回,
explain.why,解释原因,
no.task.reason.could.not.fly,跳过了在外太空的 <b>{0}</b> 任务，因为这个工人 <b>无法飞行</b>。,
no.task.reason.total,有 <b>{0}}</b> 个挂起的任务。,
no.task.reason.no.skill,<b>特长</b>不足以完成 <b>{0}</b> 这项任务。,
no.task.reason.unreachable.loc,<b>无法到达</b><b>{0}</b> 任务的工作地点（没有路径、没有门，或者上锁/断电？）,
no.task.reason.unreachable.loc.mem,跳过<b>{0}</b>任务，因为最近<b>未能访问</b>工作地点或材料（很快将会重试）。,
no.task.reason.unreachable.mats.flying,<b>无法获得</b><b>{0}</b>任务所需的所有材料。有可用的材料，但可能在锁着、没有电力的门后面而无法访问,
no.task.reason.unreachable.mats.grounded,<b>无法获得</b><b>{0}</b>任务所需的所有材料。有可用的材料，但可能因为<b>该工人不能飞行</b>，或者在锁着、没有电力的门后面而无法访问,
,,
no.task.reason.unsafe,跳过<b>{0}</b>任务，因为工作地点或任务所需材料位于<b>不安全的位置</b>（没有氧气、太冷、太热？）,
no.task.reason.workable,<b>{0}</b>任务对这个生物来说是<b>可行的</b>。,
no.task.reason.reluctant,<b>{0}</b>任务被跳过，因为<b>工人不愿意</b>执行这个任务（距离过远、或近期失败过、等等．．）,
no.task.reason.last.eval,工人在<b>{0}之前</b>（游戏时间）评估了所有任务。,
no.tasks.rason.clock.stopped,注意：<b>时间目前暂停了</b>，任务只有在时间流动时才会被评估。,
,,
obj.materials.titaniumplate,钛板,
obj.materials.titaniumplate.desc,一种坚固的轻质金属板,
material.TitaniumPlate,钛板,
target.oxygen,目标氧含量,
no.saves,没有存档,
no.saves.desc,这个游戏还没有保存。如果你想加载另一个游戏，请先退出到主菜单。,
breakdown.BreakdownInsanity,疯狂,
act.BreakdownInsanity,抓狂,
breakdown.BreakdownInsanity.desc,{0}压力太大发疯了。应该会恢复，除非有坏事发生。,
menu.settings.language,Language,
input.TimeSpeedNormal,时间速度：正常,
input.TimeSpeedFast1,时间速度：快速,
input.TimeSpeedFast2,时间速度：极速,
breakdown.BreakdownRoamAround.desc,{0}正漫无目的地四处游荡，凝视着虚空,
hint.mass_deconstruct,别忘记在底下的菜单中还有一个批量拆解工具哟~,
fuel.efficiency,能量输出：{0:0},
rotate.tip,用{0}以旋转,
placement.tip.Anywhere,可以放置在任何地方。,
placement.tip.OnFloor,只能放置在空旷无损的地板上。,
placement.tip.InSpace,只能放置在太空中。,
placement.tip.InSpaceAttached,只能放置在太空中，与飞船外部相连。,
placement.tip.InSpaceAttachedChained,只能放置在太空中，与飞船外部相连。<br>你可以将这些物品连在一起。,
placement.tip.NearShipComputer,只能放置在舰载计算机的旁边。,
placement.tip.workspot,<br>工作点（圆圈）应该在一块地板上。,
hint.el_connect_tool,你可以使用底部菜单中的连接工具，来管理连接器和电气设备之间的链接，只需用鼠标一直线拖动即可。,
processor.queue,处理队列,
menu.upgrades,升级,
menu.upgrades.desc,生成升级模块,
obj.upgrades.reactorefficiencyupgrade,反应堆效率升级,
obj.upgrades.reactorefficiencyupgrade.desc,使兼容的反应堆所使用的材料减少33%，但能量产出相同。多个升级可叠加。,
upgrade.how.to.install,安装方法,
upgrade.how.to,安装升级,
upgrade.how.to.desc,要安装此升级项，找到一个兼容的设备，打开它的信息面板并在升级区块，从可用的列表中选择这个升级。,
upgrades,升级,
upgrade.slots,升级槽,
no.upgrade,没有升级,
upgrade.not.available,升级不可用,
install.upgrade,安装升级,
upgrade.in.progres,升级进行中,
select.upgrade,选择升级,
job.type.SelfMaintenance.help,自我维护将影响这个工人在损伤时对自我维修的急切度,
objects.furniture.cabinet.desc,如果你有什么东西你不知道该放在哪里，就把它扔进陈列室。,
objects.furniture.cabinet,陈列室,
obj.upgrades.asimovoverrideupgrade,阿西莫夫覆写,
obj.upgrades.asimovoverrideupgrade.desc,外星流氓人工智能技术，可覆写阿西莫夫的管理器模块，可让你无视机器人的三大法则。,
undiscovered.research,未探索,
exp.found.obj.start,探险队{0}发现了一件文物：{1}。你可以尝试将其回收，但有{2}的失败率。,
being.thinks.safe,{0} 认为 {1} 是安全的,
being.thinks.unsafe,{0} 认为 {1} 不安全！,
being.can.reach,{0} 可以前往 {1},
being.cannot.reach,{0} 无法前往 {1},
shuttle.damaged,穿梭机受损了,
shuttle.damaged.desc,穿梭机再次进行远航前必须进行维修,
shuttle.has.pending.task,穿梭机有待处理的任务,
shuttle.has.pending.task.desc,这架穿梭机无法使用，因为它有一个待处理的任务。取消该任务或先等待它完成。,
tutorial.robot.blocked,机器人无法到达工作地点,
tutorial.robot.blocked.desc,机器人是唯一拥有建造物质反应堆所需技能水平的人。然而机器人似乎无法访问反应堆的位置。请确保机器人有一条直达反应堆的路径。可能有必要拆除一些墙壁。机器人会在一定的延迟后重试任务，但你可以在路径畅通后手动强制重试。 <br><br>这个通知如果被关闭了，会自动重新打开，除非情况得到解决。,
offline.workers,离线工人,
try.turn.on,尝试启动,
storage.capsule.still.flying,存储胶囊依然在飞行中。当它落地时你可以与之交互。,
what.is.this,这是什么?,
stasis.pod.flying.info,这是一个休眠舱。你必须等待直到它降落并弹出内容物后才能与其交互。,
stasis.pod.landed.info,这个休眠舱刚刚落地了。在冷却程序完成后，内容物会被弹出。,
operation.forbidden,操作被禁用,
deconstruction.not.allowed.temp,{0}处于被防止拆解的状态。请稍后再试。,
relocate,搬迁,
relocation.pending,等待搬迁中,
act.Relocate,搬迁一个设施,
,,
,,
exit.save,退出时保存,
exit.save.desc,你想保存游戏吗?,
save,保存并退出,
dont.save,不保存退出,
exit.to.main.menu,退出到主菜单,
contribute.translation,贡献翻译,
wallet.is.empty,钱包为空,
help.money,货币与经济,
help.money.desc,你可以通过向商人出售船上的物品或使用舰载计算机挖掘数字货币来赚钱。[开发人员提示：正在开发中],
wallet,钱包,
overlay.tip.Wallet,钱包,
currency.Starcreds,星币,
currency.Starcreds.desc,人类用于商品交易的一种加密货币,
obj.upgrades.starcredsminingupgrade,星币矿机,
obj.upgrades.starcredsminingupgrade.desc,启用舰载计算机上星币的挖掘,
research.starcredsmining,星币挖掘,
wallet.disclaimer,钱包免责声明,
wallet.disclaimer.desc,Stardeus游戏中的货币不是真的加密货币，它们的挖矿完全是虚假的。如果Stardeus游戏内任何货币与现实世界中的加密货币有相同的名称，那纯属意外。 Stardeus不支持或推广任何现实中的加密货币。,
not.mining.currency,不挖掘任何货币,
start.mining,开始挖掘,
about.wallet,如何赚钱,
about.wallet.desc,在你的舰载电脑，或兼容的挖矿设备上，安装挖矿升级件后，可以挖掘货币。你也可以通过物品交易来获得金钱。[开发人员提示：游戏经济正处于早期实施阶段，许多部分将会缺失。],
mining.currency,挖掘{0},
our.valuables,我们的货物价值,
their.valuables,他们的货物价值,
net.worth,净值,
stasis.pod.merchant.prompt,这个休眠舱属于一个自由商人{0}。他们提议一笔交易。你想交换任何物品吗?,
add,添加,
ongoing.trade,进行中的交易,
quantity,数量,
trade.selling,我们的物品,
trade.buying,他们的物品,
trade.cancel,取消交易,
process.Waste,处理生物废料,
our.wallet,我们的钱包,
merchants.wallet,{0}的钱包,
you.will.pay,你将支付,
you.will.receive,你将收到,
trade.failed,交易失败,
trade.modified,并非所有物品在交易时都可以出售。请尝试在时间停止的情况下进行交易，以避免改变你所出售的物品。,
trade.merchant.not.enough.cash,商人没有足够的钱来支付这笔交易。,
trade.not.enough.cash,你没有足够的钱来支付这笔交易。,
trade.no.offer,要执行交易，添加一些物品以进行交换。如果你不想交易任何东西，使用取消交易按钮。,
act.InstallUpgrade,正在安装一个升级,
evt.stasis.pod.merchant.title,交易舱,
evt.stasis.pod.merchant.desc,交易舱属于一个自由商人，他正提议一笔交易。,
trade,交易,
willing.to.trade,愿意交易,
merchant.offering.trade,商人提议一笔交易,
does.not.include.batteries,不包含电池,
includes.battery.output,包含电池输出,
skill.maxed.out,该技能已达最大等级,
ready.to.retry,准备好重试,
job.type.Firefighting,灭火,
hint.firefighting,"Looks like you have a fire. Here are some firefighting tips:<br>- Turn off nearby oxygen pumps (Stasis Array has a built-in oxygen pump too)<br>- Let your robots and drones handle it<br>- If fire starts spreading, deconstruct some floors nearby to vent the area",
nav.fail.target.unavailable,目标不可用,
ctrl.assign.task,按住{1}并点击{0}来强制分配任务,
shift.goto,按住{1}并点击{0}来命令移动到此,
fire.chance,着火几率,
fire.chance.desc,着火几率决定这个设施在周围环境变得太热，或者附近有明火的情况下着火的可能性,
fire.chance.damage,受损时的起火几率,
fire.chance.damage.desc,This determines how likely this entity can catch fire when it receives damage,
nav.fail.last.nav.not.done,仍在完成最后一个的导航请求,
feedback.choose,选择类别,
feedback.type,反馈类别,
feedback.bug.critical,Bug [严重],
feedback.bug.major,Bug [重要],
feedback.bug.minor,Bug [轻微],
feedback.performance,效能,
feedback.suggestion,建议,
feedback.other,其他,
feedback.type.required,请选择反馈类别,
feedback.contact.hint,可选的。可以是你的电子邮件，如果你在Stardeus discord上，可经由discord处理,
feedback.contact,如何联系你（可选的）,
post.to.discord,发布到Discord,
feedback.post.to.discord.hint,如果选中，你的屏幕截图和存档文件将会分享至Discord上的 #stardeus-reports频道。公共消息将包含 Discord 昵称：{0},
obj.misc.c42,C42炸药,
obj.misc.c42.desc,旧地球军队广泛使用的经典C4炸药的现代后继者。,
bomb.controls,爆炸物控制,
bomb.armed,爆炸物：已激活,
bomb.unarmed,爆炸物：未激活,
bomb.detonate.now,立即引爆,
bomb.arm,激活炸药,
bomb.disarm,解除炸药,
tool.choose_pos,选择位置,
act.MoveObj,移动物体,
full.changelog,完整更新日志,
copy.config.of,复制设置：{0},
copy.config.fluid.cannon,流体炮,
scan,扫描,
radar.not.available,雷达目前不可用,
expedition.crew,远航队,
shuttle.crew.full,这架穿梭机无法搭载更多组员,
launch.expedition,开始远航,
mining.orders,开采命令,
expedition.auto.unload,自动卸货,
expedition.auto.unload.info,如果选中，穿梭机将在货舱满载后，返回基地卸货，然后继续远航,
expedition.mode.AllowAll,开采全部,
expedition.mode.ForbidAll,禁用全部,
expedition.mode.AllowSelected,开采所选,
expedition.mode.ForbidSelected,禁用所选,
expedition.mining.target,目标,
exp.stage.unloading,卸载战利品,
no.known.mats,没有情报,
no.known.mats.info,我们对这个太空物体上的材料一无所知。建造一个雷达并对该太空物体使用扫描行动，以获得关于材料矿藏的信息。,
expedition.setup,远航设置,
expedition.unloading,{0}（卸货中）,
action.required,需要采取行动,
expedition.found.object,探险队发现一个物体,
take,收取,
anomalies,异常点,
anomalies.info,这个物体有异常现象，可能在探险过程中被发现。这些异常现象可能具有危险性！,
expedition.target.too.far.away,无法开始这支远航，因为目标离你的飞船太远了。返回目标并再试一次。,
goal.StartExpedition,开始一次远航,
goal.StartExpedition.desc,我们离一个星球很近，你可以使用穿梭机以开始一支采矿远航队。,
recover,回收,
exp.found.obj.fail,回收失败,
exp.found.obj.fail.damage,文物毁坏了。 {0}在试图回收文物时受到{1:0}伤害。,
obj.upgrades.shuttlestorageupgrade,穿梭机存储升级,
obj.upgrades.shuttlestorageupgrade.desc,将穿梭机的内部存储空间扩大了100,
research.shuttleupgrades,穿梭机升级,
,,
objects.devices.fabricator.desc,组装机的高级版本，可以生产更大、更复杂的设备,
objects.devices.fabricator,制造厂,
research.manufacturing,制造,
research.advancedmanufacturing,高级制造,
expedition.aborted,远航已终止,
expedition.aborted.shuttle.damaged,由于穿梭机在起飞前受损，远航被迫中止。,
,,
evt.exp.merchant.title,遇到了一个商人,
evt.exp.merchant.desc,探险队遇到了一位独立商人，他向我们提出一笔交易。,
merchant.ship,{0} (商人),
trade.execute,执行交易,
space.object.ShipMerchant,商人,
research.teleportation,传送,
trade.no.teleporter,这笔交易需要一个工作的传送器来转移货物。请建造一个，或者确定你拥有的那台已通电，然后再试一次。,
objects.devices.teleporter.desc,一种可以短距离传送各种物体，甚至生物的小型装置。,
objects.devices.teleporter,传送器,
trade.teleporter.required,需要传送器,
trade.teleporter.required.info,这笔交易需要一个工作的传送器来转移货物。,
enter.amount,输入数量,
merchant.ship.offering.trade,提出交易的商船,
traffic,Traffic,
