Key  (PURPLE means not ready for translation yet),Translation,Version,Comment (context for translators)
randomize.starting.sector,ランダム,,label for button that select a random starting sector in the starmap
randomize.starting.sector.tip,ランダムなセクターで開始,,
space.object.Sector,セクター,,
space.object.Region,宙域,,
noun.map.view,マップ表示,,label for buttons that can switch the map view mode
noun.hyperjump,ハイパージャンプ,,label for hyperjump details
exit.hyperspace,ハイパースペース離脱,,
noun.hyperspace,ハイパースペース,,
enter.hyperspace,ハイパースペースに入る,,
verb.hyperjump,ハイパージャンプ,,action verb on a button that executes a hyperjump
unable.to.hyperjump,ハイパージャンプ不可,,
hyperjump.tip.expedition,進行中の<b>シャトルの探査</b>から帰還するのをお待ちください。,,
hyperjump.tip.copter,<b>輸送機</b>が作業を完了するまでお待ちください。,,
noun.custom.location,任意の座標,,
noun.current.destination,現在の移動目標,,
enter.region,宙域に進入,,
enter.sector,セクターに進入,,
obj.materials.phasium,フェージウム,,
obj.materials.phasium.desc,"紫色の光を放っている希少なサーメットクリスタルだ。物理的な強靭さとエーテル的なエネルギーをあわせ持っている。",,
market.group.name.Hyperfuel,ハイパーフューエル,,
obj.materials.fusioncell,フュージョンセル,,
obj.materials.fusioncell.desc,"フェージウムから製造される小型のパワーユニットだ。放出するエネルギーをハイパージャンプの燃料として利用する。",,
noun.hyperdrive,ハイパードライブ,,
hyperspace.missing.engine,ハイパースペース用のエンジンが無効です。,,
hyperspace.not.charged,ハイパースペース用のエンジンがチャージされていません。,,
noun.hyperjump.charge,ハイパージャンプのチャージ,,Label for hyperdrive engine readiness percentage
hyperjumps.available,ジャンプ可能数,,Label for the number of available hyperjumps
quest.step.use.hyperjump.relay,ハイパージャンプリレーを使用,,
quest.step.use.hyperjump.relay.tip,"星系マップの<b>{0}</b>をクリックし、<b>{1}</b>を選択してください。",,{0} is Hyperjump Relay name {1} is the menu option name you have to select to use it
space.object.HyperjumpRelay,ハイパージャンプリレー,,
space.object.info.HyperjumpRelay,"巨大な宇宙構造物だ。強力なエネルギー・フィールドを発生させ、エンジン出力が不足している船でも長距離のハイパージャンプをできるようにしてくれる。",,
,,,
quest.ProvideRepairStation,リペアステーションの用意,,
quest.ProvideRepairStation.desc,損傷した作業ユニットは<b>リペアステーション</b>で修理することができます。ひとつは用意しておいた方が賢明でしょう。,,
quest.StartAnExpedition,探査を開始,,
quest.StartAnExpedition.desc,近くに何らかの資源の鉱床があるようです。Use a <b>Shuttle</b> to launch an <b>Expedition</b>.,,
quest.PerformHyperjump,ハイパージャンプの実施,,
quest.PerformHyperjump.desc,このセクターにずっといるわけにはいきません。現在の宇域を探索するために、短距離の<b>ハイパージャンプ</b>を実施しましょう。,,
quest.PerformHyperjump.fusiondrive.tip,短距離<b>ハイパージャンプ</b>を実施するには、燃料として<b>フュージョンセル</b>が装填された<b>核融合エンジン</b>が必要です。,,
quest.TradeWithSpaceStation,ステーションとの取引,,
quest.TradeWithSpaceStation.desc,必要な物資や資源を手に入れるには取引は欠かせません。<b>ステーション</b>を見つけて取引を行いましょう。,,
quest.VisitAnotherRegion,新たな宙域へ,,
quest.VisitAnotherRegion.desc,さあ今こそ、新たな宙域の探索の乗り出すときです。<b>ハイパージャンプリレー</b>を発見したら、長距離<b>ハイパージャンプ</b>を行いましょう。,,
quest.step.execute.trade.tip,"<b>星間マップ</b>を開いて<b>ステーション</b>をクリックし、<b>取引</b>の項目を選択して物資をいくつか取引してみましょう。",,
obj.materials.aerolith,エアロリス,,
obj.materials.terranite,テラナイト,,
obj.materials.edenium,エデニウム,,
obj.materials.hydronium,ハイドロニウム,,
obj.materials.aerolith.desc,希少な鉱物だ。呼吸可能な空気を触媒反応によるガスの生成で生成する。,,
obj.materials.terranite.desc,希少な琥珀色の結晶だ。地質学的な力を操作して、その周囲の地形を変えることができる。,,
obj.materials.edenium.desc,"希少なキラキラした結晶だ。土壌に施すと濃縮された栄養成分を放出し、植物を劇的に加速させる。",,
obj.materials.hydronium.desc,"希少な鉱物だ。酸素を水へと反応させる触媒として作用する。大気中の酸素を利用してH₂Oの合成を促進させる。",,
scenario.NoRobots,ロボットなし,,
scenario.NoRobots.tooltip,人間のクルーだけで機能している小さな船でゲームを開始します。熟練者向けで、難易度も高めです。,,
objects.devices.storage,収納庫 ({0}),2024-09-18,
space.effect.star,警告：恒星に接近中,,
space.effect.star.desc,"<b>恒星</b>に接近中。ソーラーパネル出力が<b>{0}</b>増加しますが、船体温度が上昇中(毎時 約<b>{1}</b>)。",,{0} is percentage; {1} is degrees celsius or farenheit
obj.plants.artilleryfungus,バリスタケ,,
obj.plants.artilleryfungus.desc,"胞子を発射する生物だ。周囲にに粘着性の胞子を速射し、時間とともに広範囲を制圧する生物兵器のような働きをします。",,
space.effect.alien.lifeform,警告: 生命体を検知,,
space.effect.alien.lifeform.desc,このセクターでセンサーがエイリアンと思われる生命体の兆候を検出。警戒してください。,,
,,,
research.economy.onlineshop,オンライン取引,,
online.shop.unlocked,<b>{0}</b>が利用可能になりました。追加料金を払うことで船にアイテムを届けてもらうことができます。,,{0} is Online Shop
adj.available,有効,,
create.shop.order,注文する,,
capsule.delivery,カプセル配送,,
capsule.delivery.tip,商品の船への到着まで<b>{0}</b>。,,{0} is Storage Capsule translation
exit.hyperspace.first,ハイパージャンプ中にはできない操作です。実行するにはハイパースペースから離脱してください。,,
shop.orders.pending.delivery,配送中断中,,
shop.orders.delivered,配送済み,,plural
shop.orders.delivery.failed,配送失敗,,
shop.order.wrong.location.tip,アイテムの配送先で指定されている領域を離れました。戻らない場合、受け取りに失敗します！,,
shop.order.wrong.location,配送場所があっていない！,,
shop.order.delivered,配送済み,,singular
shop.order.lost,行方不明,,
shop.order.estimated.delivery,配送到着まで: {0},,{0} is time
noun.price,価格,,
difficult.start.region.warning,警告！ 目標宙域は危険な上、ゲーム序盤で必要となる資源が手に入らない可能性があります。ここからスタートしてもよろしいですか？,,
quest.ProvideEntertainment,娯楽の提供,,
quest.ProvideEntertainment.desc,人間のクルーたちが精神の健康を維持するには、娯楽が必要です。それらを提供してくれる施設を整備しましょう。,,
story.wreck_empty_ship.intro.6,この<b>シャトル</b>は採掘探査に使用できます。そこから資源処理の工程を確立し、船を再建するのに必要な資材を生産できます。,2024-10-04,
noun.multiple.items,{0}個のアイテム,,{0} will be a number above 1
craft.order.new,新規生産,,label for a button that creates a new order for a device to produce something
craft.order.settings,生産設定,,label for crafting order settings
explosion.at,{0}で爆発発生,,{0} is position coordinate
tut.prod.online.shop,<b>資金</b>オーバーレイの<b>オンラインショップ</b>で素材を注文することもできます。,,
space.object.info.Asteroid,生命体のいない小惑星が宇宙空間を漂っている。,,
quest.available,クエストが進行可能,,
quest.click.to.accept,クリックで、このクエストを受諾,,
noun.strength,強度,,
available.quests,進行可能なクエスト,,
research.required.generic,この機能を有効にするには<b>{0}</b>の研究が必要です。,,{0} is research node name. for example Stock Market
cryostability.unstable.warning,このコールドスリープは不安定で危険な状態にあります。入植者たちが覚醒する際、肉体や精神に深刻なダメージを負う可能性があります。<b>このコールドスリープに、ただちに電力を供給してください。</b>,,
quest.MakeStasisAreaSurvivable,コールドスリープのある区画を生存可能にする,,
quest.MakeStasisAreaSurvivable.desc,コールドスリープから目覚めた入植者たちには、生存するための酸素と温度が必要です。コールドスリープのある区画に酸素の供給と暖房をしないといけません。,,
quest.step.heat.area,{0}で区画をあたためる,,{0} is device name
quest.step.heat.area.tip,{0}の周囲の温度上昇を監視するには、温度オーバーレイを参照しましょう。必要に応じて追加のヒーターを建造してください。このステップは、区画の平均温度が {1} に達したら完了します。,,{0} is device name {1} is temperature value
quest.step.oxygenate.area,{0}で区画に酸素を供給する,,{0} is device name
quest.step.oxygenate.area.tip,{0}で周囲の酸素濃度の増加を監視するには、酸素オーバーレイを参照しましょう。必要に応じて追加の酸素ポンプを建造してください。このステップは、区画の平均酸素濃度が {1} に達したときに完了します。,,{0} is device name {1} is oxygen value
quest.step.dispose.corpses,死体の処理,,
quest.step.dispose.corpses.tip,死体を選択してUIの<b>{0}</b>アクションを使用して処理を指示してください。このステップは死体がすべて処理されると完了します。<br><br>複数の死体を選択する最速の方法は、右上にあるグループ表示を使用することです。,,{0} will be button name saying Dispose
quest.DisposeOfDeadBodies,死体を片づける,,
quest.DisposeOfDeadBodies.desc,"生存している入植者の食料となる<b>タンパク質</b>を用意するため、死体を加工処理しましょう。そして、亡くなった入植者たちの中には<b>エイリアン寄生体</b>に感染している者がいるかもしれません。これらの死体は最優先で処理するべきです。感染しているかどうかはUIの<b>健康状態</b>を確認することで判別できます。",,
scan.hyperspace.warning,ハイパースペース内のため、スキャン不能。,,
space.object.info.Region,多数のセクター同士が接続された集合体。,,
space.object.AsteroidZone,小惑星帯,,
space.object.info.AsteroidZone,"この宙域には岩石や残骸が漂流しており、採掘可能な資源がそこら中にあるようだ。",,
space.object.info.Sector,まだ探検していないセクター,,
quest.BuildRadar,レーダーの建造,,
quest.BuildRadar.desc,<b>レーダー</b>は隣接している宇宙セクターをスキャンして特定の資源鉱床を探知できます。１つは用意しておくことを強くお勧めします。,,
space.object.info.SpaceEvent,このセクターには何か興味深いものがあるようだ。到達したら何が待ちかまえているのか調べてみよう。,,
objects.devices.tradeportal,取引ポータル,,
objects.devices.tradeportal.desc,船やステーションとの取引のために設計された物質転送装置。,,
trade.portal.not.available,取引ポータルは無効化されています,,
trade.portal.required,取引ポータルが必要です,,
no.trade.portal,取引ポータルなし,,
trade.portal.ready,取引ポータル使用可能,,
space.object.TradeZone,交易特区,,
space.object.info.TradeZone,物資の取引が活発なステーションの集まりのようだ。,,
noun.hyperjump.short,短距離ハイパージャンプ,,
noun.hyperjump.long,長距離ハイパージャンプ,,
goal.EnsureShipCPUVentilation.desc,"<b>船のコンピュータ</b>は熱を放出します。床の一部を通気性のある<b>骨組み</b>に交換するか、追加で<b>ヒートシンク</b>を建造しましょう。",2024-10-16,
quest.EstablishProduction,生産ラインの確立,,
quest.EstablishProduction.desc,"資材はそのうち尽きてしまいます。そのため、生産方法を確立しなければなりません。",,
quest.EstablishSmelting,製錬の開始,,
quest.EstablishSmelting.desc,探査中に採掘した鉱石は金属板やインゴットに精錬する必要があります。この工程の設定をしていきましょう。,,
placement.tip.ports,作業場所と、入力/出力場所はふさがないようにしておきましょう。,,
goal.GetMoreResource.desc,<b>{0}</b>が不足中。<b>コーデックス</b>を使用して必要な素材を確認して増産しましょう。いくつかの素材は採掘探査で入手するか、<b>オンラインショップ</b>や<b>ステーション</b>で購入できます。,2024-10-17,
click.to.enlarge,クリックして拡大,,
evt.cooking.incident,調理中の事故,,
evt.cooking.incident.desc,{2}で{1}を調理していた{0}が事故を起こしてしまった。,,{0} is being name; {1} is meal name; {2} is cooking station
fight.ongoing,戦闘開始！,,
fight.lost,{0}との戦闘に敗北した,,{0} is the opponent name
fight.between,{0}が{1}に対して戦闘を開始,,{0} and {1} are names
fight.with,{0}と戦闘,,{0} is the opponent name
evt.device.malfunction,故障発生: {0},,{0} is the device name
evt.device.malfunction.desc,{0}に致命的な故障が発生。アップグレードにヒューズをインストールしていれば激しい被害を軽減できたかもしれません。,,{0} is the device name
evt.blown.fuse,{0}のヒューズが飛んだ,,
evt.blown.fuse.desc,インストールされていたヒューズのおかげで、機器の致命的な故障は避けられました。可能であればヒューズを交換してください。,,
obj.upgrades.fuseupgrade,ヒューズ,,
obj.upgrades.fuseupgrade.desc,消耗品のヒューズだ。機器の故障による被害発生を防ぐ。,,
blown.fuse,ヒューズが飛んだ,,
verb.hacked,ハッキングされた,,
evt.hacked,{0}がハッキングされている！,,{0} will be a robot or device name
cond.Hacked.desc,"このロボットは現在ハッキングを受けています。完了すると敵対する可能性があります。",,
cond.Hacked,ハッキングされている,,as in 'hacking in progress' or 'currently being hacked'
noun.cause,原因,,as in 'cause of death'
disease.immunity,{0}に対する免疫,,{0} is the disease name
alien.bacteria.detected,未知の宇宙バクテリアを検出,,
noun.developing.conditions,進行中,,"Conditions that have not yet developed, but are in progress"
status.strong,強力な,,Example: strong immunity
status.full,完全な,,Example: full immunity
status.permanent,永久的な,,Example: permanent immunity
status.innate,生まれつきの,,Example: innate immunity
active.conditions,状態異常を付与,,
telescope.found.planet,"テレスコープが{0}宙域{1}セクター内に居住可能な惑星を発見。可能であれば、本船の進路をこの惑星にセットしましょう。<br><br>我々の入植者たちが安全に暮らしていける惑星にするには、テラフォーミングの必要があるかもしれません。テラフォーミング関連の研究を集中的に行うことを推奨します。",2024-10-29,
must.open.first,開封する必要があります,,For requiring to open a storage capsule before performing another action
cond.Preoccupied,執着,,
cond.Preoccupied.desc,この生命体は何か重要なことに執着しているようです。しばらくの間、あなたの指示に従いません。,,
space.object.Space,なにもない宇宙空間,,
region.no.hyperjump.relay,"この宙域には<b>{0}</b>が存在しません。到達するには、長距離ハイパージャンプを可能にするエンジン(<b>{1}</b>)が必要です。",,
space.object.info.Space,このセクターにはなにも存在しないようだ,,
stat.ImmunityGainRate,免疫獲得速度,,
stat.ImmunityLossRate,免疫喪失速度,,
enter.hyperspace.first,まずハイパースペースに突入してください！,,warning for trying to move in hyperspace while not in it
hyperdrive.not.running,ハイパードライブ停止中,,
hyperdrives.running,ハイパードライブ作動中,,label next to number of hyperdrives that are currently running (working)
hyperdrives.charge.hyperspace.tip,ハイパードライブの再チャージはハイパースペース外でのみ実施可能です。,,
hyperdrives.not.running.tip,"ハイパースペースに突入したら、ジャンプをするには少なくとも1基のハイパードライブを作動させる必要があります。",,
region.name,{0} 宙域,,{0} is some name
sector.name,{0} セクター,,{0} is some name
sleep.deprivation,睡眠不足,,
developing.condition,{0}を発症中({1}),,"{0} is the condition name, {1} is percentage. example: Developing depression (23%)"
cond.Depression.desc,娯楽の欲求が満たされない期間が長い場合、うつ病を発症します。娯楽施設を建造し、装飾を追加することで防ぎましょう。,,
effect.magnetic.storm,磁気嵐,,
effect.magnetic.storm.desc,このセクターでは磁気嵐が常に発生しているようです。一部の電子機器が頻繁に不具合を起こす可能性があります。,,
effect.dust.storm.desc,このセクターではダストストームが常に発生しているようです。ソーラーパネルの出力が低下中。,,
obj.materials.fusioncellheavy,ヘヴィフュージョンセル,,
obj.materials.fusioncellheavy.desc,"ハイパワータイプのフュージョンセルだ。長距離ハイパージャンプに適した",,
preparing.for.hyperjump,ハイパージャンプ準備中,,
entered.hyperspace,ハイパースペースに突入,,
left.hyperspace,ハイパースペース離脱,,as in exited hyperspace
enter.hyperspace.failed,ハイパースペース突入に失敗,,
tut.spacetravel.name,宇宙航行,,
tut.spacetravel.desc,星間マップを使って船を航行させる方法を学んでいきましょう。,,
tut.spacetravel.intro,このチュートリアルでは、宇宙航行の基本を説明し、星間マップについて解説します。,,
tut.spacetravel.step1.title,エンジンの種類,,
tut.spacetravel.step1_1,船の航行には<b>ブリッジ制御端末</b>が必要です。そして、各種の宇宙航行モードでは、それぞれ異なる種類の<b>エンジン</b>が必要です。,,
tut.spacetravel.step1_2,小型の<b>スラスター</b>は、<b>セクター</b>内で船を移動させます。,,
tut.spacetravel.step1_3,"<b>核融合エンジン</b>は<b>ハイパースペース</b>への突入を可能にし、隣接するセクターへの<b>短距離ハイパージャンプ</b>を可能にします。燃料として<b>フュージョンセル</b>を消費します。",,
tut.spacetravel.step1_4,"<b>FTLドライブ</b>は<b>宙域</b>を越える<b>長距離ハイパージャンプ</b>を可能にします。<b>FTLドライブ</b>が利用可能になるまでは<b>ハイパージャンプリレー</b>を探して使用しなければなりません。",,
tut.spacetravel.step2.title,星間マップ,,
tut.spacetravel.step2_1,続行するには、<b>星間マップ</b>を開いてください。,,
tut.spacetravel.step2_2_gamepad,これが<b>星間マップ</b>です。以下の方法で操作できます：<br><br> - 周辺へ移動: {0}<br> - ズームの変更: {1},,
tut.spacetravel.step2_2,これが<b>星間マップ</b>です。以下の方法で操作できます：<br><br> - 周辺へ移動: {0} または {1} を押しながらマウスをドラッグ<br> - ズームの変更: {2},,
tut.spacetravel.step2_3,現在、<b>星間マップ</b>は<b>セクター表示</b>になっています。あなたの船は<b>船のコンピュータ</b>のアイコンで表示されています。,,
tut.spacetravel.step2_4,近くの<b>ステーション</b>に向かって航行しましょう。強調表示されたオブジェクトが示している{0}を使用して、目的地に設定しましょう。,,
tut.spacetravel.step2_5,"<b>ステーション</b>に到達するまで少々時間がかかります。その間に、残りの<b>星間マップ</b>に触れてみましょう。",,
tut.spacetravel.step3.title,星間マップのメニュー,,
tut.spacetravel.step3_1,このパネルには<b>星間マップコントロール</b>が含まれています。次のステップで、これらを見ていきましょう。,,
tut.spacetravel.step3_2,<b>星間マップ</b>には3つの<b>階層</b>があります：<br> - <b>宇宙全体</b>は相互に接続された<b>宙域</b>が含まれます<br> - <b>宙域</b>はいくつかの<b>セクター</b>が含まれます<br> - <b>セクター</b>は<b>局所的な宇宙空間</b>の天体が含まれます,,
tut.spacetravel.step3_2_2,<b>マップ表示の操作</b>では、現在表示されている<b>階層</b>をいつでも変更できます。階層名の横にある矢印アイコンは、<b>現在表示されている階層</b>を示しています。<br><br>異なる階層に切り替えて、それぞれに何が含まれているかを確認してみましょう。,,
tut.spacetravel.step3_2_3,続行するには、<b>表示中の階層</b>を<b>セクター</b>に切り替えましょう。,,
tut.spacetravel.step3_3,船の<b>位置</b>はこちらに表示されています。,,
tut.spacetravel.step3_4,これらのUIブロックは、船の<b>ハイパースペース航行能力</b>を表示しています。,,
tut.spacetravel.step3_5,"少なくとも1つの<b>ハイパードライブ</b>が<b>フルチャージ</b>されている必要があります。ハイパードライブは<b>フュージョンセル</b>を装填するとチャージを開始します。1つ以上のドライブが完全に充電されると、<b>ハイパースペース</b>に突入する準備が完了します。<br><br>注意：ハイパードライブは<b>ハイパースペース</b>内で<b>再チャージ</b>できません。",,
tut.spacetravel.step3_6,"<b>ハイパースペース</b>に入ると、隣接する<b>セクター</b>へ<b>ジャンプ</b>することができます。<b>ジャンプ回数</b>はチャージされた<b>ハイパードライブ</b>の数によって決まります。",,
tut.spacetravel.step3_7,"<b>ハイパースペース</b>内での航行を維持するには、最低限1つの<b>ハイパードライブ</b>が作動している必要があります。これには<b>電力の供給</b>と<b>パイロット</b>が<b>ブリッジ制御端末</b>にいることも必要です。すべてのエンジンが停止すると、船は直ちに<b>ハイパースペース</b>から<b>離脱</b>します。",,
tut.spacetravel.step3_8,隣接する<b>セクター</b>間の<b>短距離ハイパージャンプ</b>では、<b>フュージョンセル</b>が1つ消費されます。<b>宙域</b>間の<b>長距離ハイパージャンプ</b>には、<b>FTLドライブ</b>と<b>ヘビーフュージョンセル</b>が必要です。,,
tut.spacetravel.step3_9,"<b>ハイパードライブ</b>がチャージされていれば、このボタンで<b>ハイパースペースへの突入</b>を<b>開始</b>します。<br><br>まだ<b>フュージョンセル</b>がありませんが、<b>ステーション</b>で購入することもできます。",,
tut.spacetravel.step3_10,我々の船が<b>ステーションに到達する</b>のを待ちましょう。,,
tut.spacetravel.step4.title,<b>フュージョンセルの入手</b>,,
tut.spacetravel.step4_1,"<b>ステーション</b>との<b>取引</b>の準備が整いました。<b>星間マップ</b>で強調表示された<b>ステーション</b>にカーソルを合わせて{0}で実効可能なアクションを表示し、<b>取引</b>を選択しましょう。",,
tut.spacetravel.step4_2,"現在、<b>ステーション</b>と取引中です。続行するには、<b>フュージョンセル</b>を<b>5つ</b>購入しましょう。<br><br><b>フュージョンセル</b>を探して必要な量を<b>5</b>に設定したら、<b>取引実行</b>ボタンを押して取引内容を確定してください。",,
tut.spacetravel.step4_3,"<b>フュージョンセル</b>は<b>フェイジウム</b>から生産することも可能です。奥の手として、割高ではありますが<b>オンラインショップ</b>にて購入することもできます。<br><br><b>オンラインショップ</b>で注文したアイテムは、<b>貨物カプセル</b>の投下によって、現在位置に届けられます。この機能は<b>研究</b>でアンロックできます: {0}。",,
tut.spacetravel.step4_4,"それでは、ドローンたちが<b>ハイパードライブ</b>に<b>フュージョンセル</b>を装填するのを待ちましょう。エンジンに燃料が供給され、充電が完了すれば、<b>ハイパースペース</b>に突入する準備が整います。<br><br><b>フルチャージ</b>までには<b>数時間</b>かかりますが、ゲームスピードを上げて進行を早めることができます。",,
tut.spacetravel.step4_5,<b>警告！</b> <b>ソーラーパネル</b>は<b>ハイパースペース</b>内では発電しません。常に電力を確保できるよう、十分な<b>反応炉</b>や<b>バッテリー</b>を用意しましょう。,,
tut.spacetravel.step5.title,ハイパースペースでの移動,,
tut.spacetravel.step5_1,"<b>ハイパードライブ</b>の燃料装填とチャージが完了しました。<b>ジャンプ準備完了！</b><br><br>強調表示されているボタンをクリックし、<b>ハイパースペース</b>への<b>突入を指示</b>しましょう。",2024-12-03,
tut.spacetravel.step5_2,"<b>ハイパースペース</b>への突入を指示した後、<b>パイロット</b>が<b>ブリッジ制御端末</b>に配置されエンジンが<b>作動</b>する必要があります。これには少し時間がかかります。<br><br>ゲームのポーズを解除して、船がジャンプするのを待ちましょう。",2024-12-03,
tut.spacetravel.step5_2_2,"あなたは今<b>ハイパースペース内</b>を航行中です！あらゆる<b>危険な宇宙環境</b>や<b>接近中の飛来物</b>、<b>難破船</b>は<b>ハイパースペース</b>に突入すると同時に<b>消滅</b>されます。",,
tut.spacetravel.step5_3,<b>星間マップ</b>の<b>マップ表示</b>を<b>宙域</b>の階層に切り替えました。あなたの船の<b>ハイパースペース</b>内の位置は、<b>拡大縮小する円</b>として表示されています。,,
tut.spacetravel.step5_4,隣接した<b>セクター</b>上の{0}を使用し、2つ先の<b>ハイパージャンプリレー</b>を目指して<b>ジャンプ</b>しましょう。,,
tut.spacetravel.step5_5,"2つの<b>ハイパードライブ</b>があるので、<b>ハイパースペース</b>を出る前に<b>もう1回ジャンプ</b>できます。最後のジャンプで強調表示されている<b>ハイパージャンプリレー</b>へ向かいましょう。",,
tut.spacetravel.step5_6,"<b>ハイパードライブ</b>を使い切りましたが、<b>ハイパースペース</b>を離脱すると、再び<b>チャージ</b>されます。",,
tut.spacetravel.step6.title,長距離ハイパージャンプ,,
tut.spacetravel.step6_1,すでに<b>ハイパースペース</b>を離脱しています。<b>マップ表示</b>は今いる<b>セクター</b>の階層に切り替わりました。これより<b>スラスター</b>を使用し、このセクターの中央にある<b>ハイパージャンプリレー</b>に辿り着くことができます。<br><br>{0}で、強調表示されている<b>ハイパージャンプリレー</b>を<b>目標地点</b>として設定しましょう。,,
tut.spacetravel.step6_2,続行するには、船が<b>ハイパージャンプリレー</b>に到達するまで待ちましょう。ゲームスピードを上げることもできます。,,
tut.spacetravel.step6_3,"<b>ハイパージャンプリレー</b>に到達しました。これにより、現在の短距離ハイパードライブを使用して<b>長距離ハイパージャンプ</b>を実行できます。<br><br>ハイパージャンプリレーを選択した後、{0}で選択可能なアクションを表示し、<b>ハイパージャンプ</b>を選んでください。",,
tut.spacetravel.step6_4,続行するには、船が<b>ハイパースペースに突入</b>するのを待ちましょう。,,
tut.spacetravel.step6_5,"リレーを通じて<b>ハイパースペース</b>に入り、<b>マップ表示</b>は現在<b>宇宙全体</b>を表示しています。<br><br>隣接する<b>宙域</b>にカーソルを移動し、{0}で<b>長距離ハイパージャンプ</b>を実行しましょう。",,
tut.spacetravel.step6_6,"<b>ハイパージャンプリレー</b>で出来るのは1回の長距離ジャンプのみです。それが完了したら、すぐに<b>ハイパースペース</b>を出ることができますが、どの<b>セクター</b>に到達するかを知っておくのは大事です。<br><br><b>マップ表示</b>を<b>宙域</b>に切り替え、現在の宙域内での<b>位置</b>を確認しましょう。我々の<b>レーダー</b>が現在の<b>セクター</b>と隣接するセクターを表示するはずです。",,
tut.spacetravel.step6_7,この時点で、隣接する<b>セクター</b>にジャンプするか<b>ハイパースペース</b>を離脱するか選ぶことができます。<br><br><b>続行するには、<b>ハイパースペース</b>を離脱しましょう。,,
tut.spacetravel.outro,これで<b>宇宙航行</b>の仕組みを理解できましたね。<b>難易度の高い宙域</b>を探索する際は警戒してください。危険を伴うことがあります！,,
obj.upgrades.speedupgrade.desc,互換性のある機器にインストールすることで、動作速度が15%向上します。複数のアップグレードの効果を重ねがけできます。,2024-11-15,
,,,
obj.upgrades.energyefficiencyupgrade.desc,互換性のある機器にインストールすることで、電力消費が15%減少します。複数のアップグレードの効果を重ねがけできます。,2024-11-15,
research.security.turretsheavy,重装タレット,,
objects.devices.miniturret,小型タレット,,
objects.devices.miniturret.desc,小型の自動タレットだ。船内の防衛用に用いられる。,,
tut.bodyparts.desc,"身体パーツの交換や意識の転送について、有機体やロボットを含む様々な生命体に対して行う方法を習得しましょう。",,
tut.bodyparts.intro,このチュートリアルでは<b>身体パーツ</b>システムの使い方を学びます。,,
tut.bodyparts.step1.title,身体パーツと内臓器官,,
tut.bodyparts.step1_1,"すべてのロボットおよび有機的な<b>生命体</b>には、さまざまな<b>身体パーツ</b>と<b>臓器</b>があります。これらの部位は<b>能力</b>や<b>欲求</b>を追加したり、<b>ステータス</b>を変更することができます。",,
tut.bodyparts.step1_2,<b>強調表示された作業ユニット</b>を選択し、その<b>身体</b>を確認し、構成している身体パーツとその状態を確認しましょう。,,
tut.bodyparts.step1_2_2,"それぞれの<b>身体パーツ</b>にカーソルを合わせると、その部品が提供する<b>ステータス</b>、<b>能力</b>、および<b>欲求</b>を詳述した詳細情報が表示されます。また、既存の<b>負傷</b>状態も表示されます。",,
tut.bodyparts.step1_3,"それぞれの身体パーツを選択すると、さらに詳細な情報が表示されます。ほとんどの身体パーツや臓器は<b>除去</b>や<b>交換</b>が可能です。一部の<b>ロボットパーツ</b>は<b>有機生命体</b>と互換性があり、多くの<b>生体パーツ</b>は<b>異なる生物</b>に使用できます。",,
,,,
tut.bodyparts.step1_4,"有用な点として、身体パーツ全てに対して<b>一括操作</b>できます。<b>複数の</b>生命体が選択されている場合、<b>情報パネル</b>には<b>選択された全ての生命体の身体パーツ</b>に対する<b>一括操作</b>が表示されます。これは大規模な戦闘の後始末を管理するのに役立ちます。<br><br>ヒント: <b>複数の生命体を選択</b>するには、右上の<b>グループ</b>を使用します。",,
tut.bodyparts.step1_5,"ロボットの最も重要なパーツは<b>制御コア</b>であり、これがロボットの自我、スキル、記憶や経験、性格をつかさどっています。このパーツが<b>回復不能</b>まで損傷すると、ロボットは{0}<b>死亡</b>と見なされます。<br><br>有機生命体では、この部位は<b>脳</b>です。"
,,,
tut.bodyparts.step2.title,怪我、かすり傷,,
tut.bodyparts.step2_1,"身体パーツや臓器は、<b>戦闘</b>だけでなく<b>病気</b>や<b>健康状態</b>、そして<b>事故</b>によっても<b>損傷</b>することがあります。",,
tut.bodyparts.step2_2,"複数の身体パーツに<b>重傷</b>を負った生命体は、{0}<b>無力化</b>されることがあります。無力化された生命体は<b>動けなくなり</b>、<b>戦闘不能</b>になったと見なされます。",,"{0} is replaced with a cross icon, doesn't affect translation"
tut.bodyparts.step2_3,"有機生命体における負傷の一部は{0}<b>出血</b>を引き起こすことがあり、これは危険な状態です。その生命体があまりにも大量の血液を失った場合、<b>臓器不全</b>や<b>死亡</b>する可能性があります。",,"{0} is replaced with a blood droplet icon, doesn't affect translation"
tut.bodyparts.step2_4,"有機生命体の身体パーツの怪我は自然に治癒することがありますが、損傷したロボットは<b>リペアステーション</b>で修理する必要があります。<br><br>{0} <b>無力化</b>されたロボットは、近くにある利用可能な<b>リペアステーション</b>に自動的に運ばれます。",,"{0} is replaced with a cross icon, doesn't affect translation"
tut.bodyparts.step2_5,"有機生命体の怪我は<b>全自動メディカルベイ</b>を使用すると<b>はるかに早く治癒</b>します。もし使用できない場合、通常の<b>ベッド</b>も役立ちます。<br><br>{0} <b>無力化</b>された生物は、最寄りの利用可能な<b>全自動メディカルベイ</b>または自分の<b>ベッド</b>に自動的に運ばれます。",,"{0} is replaced with a cross icon, doesn't affect translation"
tut.bodyparts.step2_6,<b>負傷</b>には、それぞれの<b>深刻度</b>があります：<br>{0}。<br><br>同種のダメージが身体パーツに加わると負傷の深刻度が<b>増加</b>します。深刻度が高いほど治癒に時間がかかります。,,{0} will be the list of severities
tut.bodyparts.step2_6_2,"ダメージレベルが<b>致命傷</b>の場合、身体パーツは{0} <b>機能不全</b>となります。<b>回復不能</b>および<b>致命傷</b>の身体パーツは<b>破壊された</b>と見なされます。",,{0} is crutch icon
tut.bodyparts.step2_7,<b>致命傷</b>か<b>破壊された</b>身体パーツに<b>取り付けられている</b>身体パーツも、親パーツが<b>修理</b>や<b>交換</b>されるまで{0} <b>無効</b>になります。<br><br>例: 左の<b>アームソケット</b>に<b>致命傷</b>を負ったロボットは、左の<b腕</b>と左の<b>手</b>のスロットが無効になります。,,{0} is crutch icon
tut.bodyparts.step2_8,"{0} <b>無効</b>または<b>欠損した</b>体のパーツを持つ生命体は、その体のパーツが本来提供する<b>能力</b>や<b>ステータス</b>を失います。<br><br>例: <b>履帯</b>が<b>回復不能</b>まで損傷したロボットは<b>移動できなくなります</b>。損傷した<b>履帯</b>を<b>小型推進器</b>に交換すると、そのロボットは<b>飛行能力</b>を<b>得る</b>ことができます。",,{0} is crutch icon
tut.bodyparts.step2_9,<b>健康状態オーバーレイ</b>を使用し、負傷状況のすべてを素早く把握しましょう。,,
,,,
tut.bodyparts.step3_1,"生命体を選択すると、<b>健康状態</b>の経過や物理的な怪我による<b>負傷</b>の有無が表示されます。また、<b>死因</b>の特定にも役立ちます。",,
tut.bodyparts.step3_2,"<b>抑うつ</b>のような症状のいくつかは精神的な影響を与える一方で、<b>低酸素症</b>のような他の健康状態は肉体的な損傷を引き起こし、それが{0} <b>死</b>につながることもあります。",,
tut.bodyparts.step3_3,ほとんどの健康状態には根本的な<b>原因</b>があります。その原因を解決することで、時間とともに健康状態が<b>回復</b>します。<br><br>例: <b>抑うつ</b>は<b>満足度</b>のステータスが低いままになると発生します。<b>娯楽</b>施設を提供することで<b>満足度</b>を向上させ、徐々に<b>抑うつ</b>を軽減できます。,,
tut.bodyparts.step4_1,"生物の場合、怪我が<b>致命傷</b>となることがあります。しかし、<b>脳</b>が無傷であれば、別の身体に<b>移植</b>することが可能です。",,
tut.bodyparts.step4_2,"<b>脳</b>は<b>異なる生物</b>間でも入れ替えることが可能です。例えば、<b>ネコ</b>の脳を<b>人間</b>の体に移植すると、その人間はネコの自我が芽生え、ネコのように振る舞うようになります。",,
tut.bodyparts.step4_3,"<b>脳</b>をロボットに搭載することはできず、生物において<b>脳</b>をロボットの<b>制御コア</b>に置き換えることもできませんが、<b>レプリケーター</b>を使用して<b>精神移植</b>を行うことは可能です。",,
tut.bodyparts.step4_4,"倒した<b>敵</b>から取り出した<b>制御コア</b>をそのまま組み込むと、その敵として<b>復活</b>させてしまいます。しかし、<b>レプリケーター</b>を使えば、敵の<b>自我</b>を<b>友好的な</b>入植者の<b>脳</b>で上書きすることが可能です。<br><br>これは、死んでしまった生物の入植者に第二の人生を与え、ロボットの労働力を拡大する優れた方法です。",,
tut.bodyparts.step5.title,身体パーツに対する手術,,
tut.bodyparts.step5_1,これまで学んだことを駆使して、強調表示されている<b>破壊された制御コア</b>がある<b>ドローン</b>を<b>復活</b>させましょう。<b>死んでしまった人間</b>の意識を、無力化された<b>敵の清掃ロボット</b>の<b>制御コア</b>に転送し、<b>友好的な制御コア</b>を作成し、それを使って<b>死んだドローン</b>を復活させます。,,
tut.bodyparts.step5_2,"<b>制御コア</b>の壊れている<b>ドローン</b>には、他にも<b>損傷したパーツ</b>があります。これらの部位をすぐに修理するため、<b>リペアステーション</b>に<b>移動</b>させることができます。そのままにしておいても、<b>ドローン</b>は<b>復活</b>後に自動的に<b>リペアステーション</b>に運ばれます。",,
tut.bodyparts.step5_3,"<b>レプリケーター</b>を使用するには、まず<b>制御コア</b>や<b>脳</b>を体から取り外す必要があります。",,
tut.bodyparts.step5_4,<b>制御コア</b>を取り外すには、この<b>組立ハブ</b>を使用します。,,
tut.bodyparts.step5_5,<b>制御コアの取り外し</b>作業が現在<b>進行中</b>です。<b>脳</b>を取り外す指示も進めましょう。,,
tut.bodyparts.step5_6,有機的な臓器は<b>手術室</b>で<b>摘出</b>することができます。,,
tut.bodyparts.step5_7,<b>身体パーツ</b>が<b>取り外される</b>のを待ちましょう。,,
tut.bodyparts.step6.title,ドローンの蘇生,,
tut.bodyparts.step6_1,必要な<b>身体パーツ</b>を取り外しました。これらを<b>レプリケーター</b>に入れて、<b>精神移植</b>を開始しましょう。,,
tut.bodyparts.step6_2,<b>入力</b>側で、<b>友好的な人間の脳</b>を選択してください。,,
tut.bodyparts.step6_3,<b>出力</b>側には、<b>敵対的な制御コア</b>を選択してください。,,
tut.bodyparts.step6_4,<b>レプリケーター</b>が<b>敵対的な制御コア</b>を上書きするのを待ちましょう,,
tut.bodyparts.step6_5,処理が<b>成功</b>です！ これで<b>友好的な制御コア</b>が手に入り、<b>死んでしまったドローン</b>を<b>復活</b>させることができます。,,
tut.bodyparts.step6_6,交換する<b>制御コア</b>を選択してください。,,
tut.bodyparts.step6_7,<b>交換作業</b>が完了するのを待ちましょう。,,
tut.bodyparts.step6_8,"<b>ドローン</b>が復活しました！ 他にも損傷した部品があるため、まだ{0}<b>無力化</b>されているかもしれません。しかし、すぐに<b>リペアステーション</b>で修理されるはずです。ドローンが完全に回復するまで待ちましょう。",,
tut.bodyparts.step6_9,<b>ドローン</b>が完全に修理されて作業の準備が整いました！,,
tut.bodyparts.outro,これで<b>身体パーツ</b>のチュートリアルは終了です。この知識を活用して、さまざまな身体パーツの<b>組み合わせ</b>や<b>精神移植</b>を<b>実験</b>してみましょう。<br><br>注意: <b>ジュネーブ条約</b>を遵守して<b>戦争犯罪</b>を犯さないようにしてくださいね。,,
objects.devices.memorymodulemini.desc,{0}エクサバイトのメモリ（RAM）だ。GPUと組み合わせることで、暗号通貨のマイニングに使用される。,2024-11-19,
combat.goal.attack.turret,タレットを攻撃,,
combat.objective.survive,生存,,
noun.leader,リーダー,,
noun.follower,追従者,,
noun.squad.role,チームの役割,,
tut.close.panel.to.continue,続行するには、強調表示されているパネルを閉じてください。{0}でも閉じることができます。,,
tut.combat.title,戦闘と戦術,,
tut.combat.desc,このチュートリアルでお伝えするのは、どうやって<b>自分の船を守るか</b>と<b>襲撃者たち</b>や<b>敵対的な生物</b>へ対抗する手段です。,,
tut.combat.outro,<b>戦闘と戦術</b>のチュートリアルを完了しました。学んだテクニックは、あなたの船を守り、味方の犠牲を最小限に抑えるのに役立つでしょう。,,
tut.combat.step1.title,防衛手段,,
tut.combat.step1_1,利用可能な<b>防衛手段</b>を用意することは、あらゆる戦いで<b>勝利を達成する</b>ための最初で最も重要なステップです。,,
tut.combat.step1_1_2,<b>リペアステーション</b>は、<b>損傷したロボット</b>を<b>修理する</b>ために不可欠です。,,
tut.combat.step1_2,"<b>ドア</b>は<b>ロック</b>することで侵入を遮断できます。<b>ドアの通行権限制御</b>を研究すると、<b>ロックされていない</b>ドアでも、特別に設定しない限り<b>敵</b>の侵入を防ぐことができます。<br><br><b>ドアの通行権限</b>は、特定の<b>味方の存在</b>に対して<b>アクセス拒否</b>を設定することも可能です。",,
tut.combat.step1_2_2,ロボットの<b>ドッキングベイ</b>は、特定の<b>ロボット生命体</b>に割り当てることができます。進行中の作業タスクがない場合、ドッキングベイで<b>待機</b>して<b>充電</b>します。<br><br><b>戦略的な場所</b>に<b>ドッキングベイ</b>を配置することで、向かってくる<b>襲撃者</b>に対する最速での対応が可能になります。,,
tut.combat.step1_3,"<b>非常サイレン</b>は<b>有機生命体の入植者たち</b>を安全地帯に呼び寄せることができます。サイレンは<b>自動</b>または<b>手動で</b>作動させることができます。<br><br>サイレンが鳴っていると入植者たちは不快に感じるので、安全が確保されたら忘れずに<b>オフ</b>にしましょう。",,
tut.combat.step1_4,"<b>小型タレット</b>を戦略的に配置し、<b>重要なエリア</b>や<b>出入口</b>を守りましょう。<br><br><b>船体健全性</b>を損なわないことからも、これらのタレットは特に強力ではないものの高い効果を発揮します。",,
tut.combat.step1_5,"<b>放水銃</b>は、ほとんどすべての種類の<b>液体</b>を装填できます。<b>水</b>を装填すると<b>敵</b>に<b>軽いダメージ</b>を与えるだけでなく<b>火災を消火する</b>効果もあります。<br><br><b>原油</b>や<b>精製オイル</b>を装填すると<b>放水銃</b>は<b>焼夷弾</b>を発射し、命中時に<b>火をつける</b>効果があります。<b>酸素</b>のない船外で使用する方が安全です。",,
tut.combat.step1_6,<b>トラップ埋設床</b>は、<b>接地している敵</b>が通過しようとしたら串刺しにします。,,
tut.combat.step1_7,"通常の場合、<b>床面通気口</b>はエリアを冷却したりするために開けるものかもしれませんが、もし<b>接地している敵</b>がその上にいたら<b>宇宙に放り出されます</b>。",,
tut.combat.step1_9,"これは<b>トラクタービーム ターゲットマーカー</b>です。<b>居住区</b>から離れた<b>船外</b>に配置するのが最善でしょう。",,
tut.combat.step2.title,戦闘時の対応,,
tut.combat.step2_1,"それぞれの<b>友好的な生命体</b>は、次のいずれかの<b>戦闘対応</b>をします：<br> - <b>気の向くまま</b>: その生命体は<b>状況</b>における<b>最適な判断</b>をしようとします。<br> - <b>戦闘</b>: その生命体は積極的に<b>敵</b>を探し、<b>戦闘</b>を挑みます。<br> - <b>逃走</b>: その生命体は<b>敵</b>から<b>逃げる</b>ことを試みます。<br> - <b>無視</b>: その生命体は<b>コロニーの作業タスク</b>や個人的な<b>欲求</b>に没頭し、<b>危害が及ぶ</b>か<b>直接指示</b>されない限り、敵を無視します。",,
tut.combat.step2_2,十分な<b>AI信頼度</b>があれば、任意の<b>友好的な生命体</b>の<b>戦闘対応</b>を指定できます。,,
tut.combat.step3_1,特定の戦闘状況下では、ユニットを<b>直接指示</b>したくなるかもしれません。早速ですが、このロボットを操作をしてみましょう。,,
tut.combat.step3_2,<b>直接指示</b>下にあるユニットは<b>その場にとどまり</b>、<b>射程内の敵を攻撃</b>します。{0}で<b>選択したユニット</b>を<b>移動</b>させましょう。続行するには、<b>強調表示された場所</b>までロボットを移動させましょう,,{0} will be replaced with an image of a mouse button
tut.combat.step3_3,続行するには、<b>ロボット</b>を<b>直接指示</b>を<b>解除</b>してください。,,
tut.combat.step4.title,複数のユニットの操作,,
tut.combat.step4_1,画面右上の<b>グループ ウィジェット</b>を使用することで、<b>複数のユニット</b>を<b>選択</b>して<b>操作の切り替え</b>を行うことができます。,,
tut.combat.step4_2,{0}で<b>{1}</b>のグループを展開しましょう。,,{0} will be replaced with an image of a mouse button
tut.combat.step4_3,"{0}をクリックして指定可能なすべての作業ロボットを<b>操作</b>し、次に{1}をクリックしてそれらを<b>選択</b>しましょう。",,"{0} is ""control"" translation, {1} is ""select"" translation, both are button labels"
tut.combat.step4_3_2,{0}で<b>グループウィジェット</b>を閉じてください。,,{0} will be replaced with an image of a button
tut.combat.step4_4,続行するには、{0}で<b>選択したユニット</b>を<b>強調表示された位置</b>に移動させましょう。,,{0} will be replaced with an image of a mouse button
tut.combat.step4_5,強調表示された<b>敵</b>を{0}でクリックし、<b>選択したユニット</b>に<b>攻撃</b>を指示しましょう。,,{0} will be replaced with an image of a mouse button
tut.combat.step4_6,続行するには、<b>戦闘指示</b>オーバーレイを開いてください。,,
tut.combat.step4_6_2,"<b>戦闘指示</b>オーバーレイを使用し、ユニットを切り替えたり、直接指示に切り替えたり、戦闘対応を変更したりできます。",,
tut.combat.step4_7,それでは<b>ドアを開放</b>し、ユニットを<b>手動で配置</b>するか、<b>直接指示を解除</b>して敵に<b>自動的に対応</b>させてみましょう。,,
tut.combat.step4_8,続けるには、<b>クロウラー</b>を<b>倒し</b>ましょう。,,
tut.combat.step5_1,"最後のテストとして、あなたの船に<b>突入カプセル</b>を発進させました。<br><br><b>攻撃に備え</b>、<b>襲撃者を撃退</b>し、チュートリアルを完了させましょう。",,
traded.item.too.hot,最近購入したアイテムです。そのため、価格が上昇しています。,,
traded.item.too.cold,最近売却したアイテムです。そのため、価格が下落しています。,,
codex.m.basebuilding.relocatingobjects.desc,"デバイスを別の場所に移設したい場合がよくあります。デバイスを選択し、情報パネルまたはコンテキストメニューから「移設」の項目を選択してください。デバイスの選択中にショートカット {0} を使うこともできます。<br><br>デバイスの元の位置と一部が重なる場所にも移設できます。これは向きを回転させたい場合に便利です。<br><br>複数のオブジェクトを選択した場合、それらをまとめて移設することもできます。",2024-11-22,Last changed removed a paragraph about skill checks.
codex.m.basebuilding.teleporters.desc,"<b>テレポーター</b>は、他のテレポーターへの一方通行の経路を作成できます。<br><br>2つのテレポーターを相互に接続すると双方向の経路を作成することもできます。複数のテレポーターが同じ接続先を持つこともできます。<br><br>テレポーターの消費電力は、有効な接続数に応じて指数関数的に大きく増加します。<br><br><b>警告:</b> テレポーターは経路探索アルゴリズムに対して非常に大きな負荷があり、パフォーマンスへの影響があります。",2024-11-22,Last change removed a paragraph about trade and added a warning about performance.
codex.m.bigquestions.gameover.desc,最後の船のコンピュータが破壊されるとゲームは終了します。,2024-11-22,Last change removed everything after the first sentence.
codex.m.colonists.breakdowns.desc,"入植者の<b>気分</b>がひどい状態に陥ると、<b>精神崩壊</b>が発生することがあります。入植者は錯乱状態になりますが、しばらくすると気分は回復して正常に戻ります。<br><br>稀に精神崩壊はあなたのコロニーに深刻な被害をもたらすことがあります。入植者の<b>気分</b>に注意して、精神崩壊を避けるために彼らを幸福に保つようにしてください。<br><br>入植者の気分に影響を与える要素は、情報パネルの<b>気分</b>セクションを展開することで確認できます。",2024-11-22,Last change replaced Mood with Sanity and added a paragraph about examining sanity factors
codex.m.electricity.managingunreachabledevices.desc,"原則として、<b>船のコンピュータ</b>と同じパワーグリッド上にない機器は制御できません。ただし、ロボット作業員に指示して<b>一時的な接続</b>を確立するよう命じることができます。作業ユニットが接続されている間、デバイスは完全に制御可能になります。また作業ユニットはデバイスが必要とする少量の<b>電力</b>と<b>CPU</b>を供給します。<br><br>一時的な接続を指示するには、グリッド外のデバイスを選択し、情報パネルまたはコンテキストメニューの<b>電力ノード到達不可</b>警告の横にある<b>管理</b>ボタンを選択します。一時的な接続が確立されると、イベントパネルに通知が表示されます。<br><br>一時的な接続を終了するには、<b>解除</b>ボタンをクリックします。",2024-11-22,
codex.m.environment.fire.desc,"高レベルの<b>熱</b>と<b>酸素</b>と組み合わされると、一部のオブジェクトが発火する可能性があります。<br><br><b>放水銃</b>を建造して<b>水</b>を装填しておくことで、自動的に消火することができます。<br><br>近くのすべての<b>酸素ポンプ</b>をオフにし、<b>通気口</b>を解放し、床タイルを分解することは、火災を消火する際に有効です。<br><br>火災には<b>化学的な</b>ものも存在し、酸素がなくても長時間燃え続けることができるため、さらに危険です。<br><br>火災が発生しないように、""温度"" オーバーレイ (<b>{0}</b>) に気を配りましょう。",2024-11-22,
codex.m.environment.islands.desc,"<b>セクション</b>は、あなたの船の完全に独立している個々のパーツを示しています。船が<b>航行可能</b>であるためには、すべてのセクションが１つに統合されていなければなりません。<br><br>複数のセクションを<b>床面</b>または骨組みでつないで、１つの大きなセクションに統合することができます。<br><br>一方で、<b>ウインチフック</b>と<b>ウインチアンカー</b>、または<b>精密スラスター</b>を使用して船のセクションを移動させることもできます。<br><br>セクションは<b>解体</b>して素材を回収したり、<b>放棄</b>したり、<b>宇宙港</b>で<b>売却</b>することもできます。<br><br>詳しくは、<b>{0}</b>オーバーレイで確認してください。",2024-11-22,Last change removed statement that small sections are ignored
codex.m.resources.miningplanets.desc,"資源を獲得する効率的な方法の一つは、<b>採掘探査</b>です。<b>宇宙航行</b>が出来るようになったら<b>{0}</b>オーバーレイを使って<b>資源鉱床</b>を探し、その後<b>{1}</b>オーバーレイを使用して<b>探査へ発進</b>します。<br><br><b>レーダー</b>は近くの資源鉱床を<b>検出</b>するのに非常に便利で、周囲の特定の資源タイプを<b>スキャン</b>することができます。<br><br><b>輸送機</b>や<b>自動採集プラットフォーム</b>を使うことで、採掘作業を<b>自動化</b>することができます。",2024-11-22,
codex.m.spacetravel.enginetypes.desc,"それぞれの<b>エンジン</b>によって用途が異なります。<b>スラスター</b>は現在の<b>セクター</b>内での移動を可能に。<b>核融合エンジン</b>は隣接する<b>セクター</b>への<b>短距離ハイパージャンプ</b>を可能に。隣接する<b>宙域</b>間の<b>長距離ハイパージャンプ</b>には<b>FTLドライブ</b>が必要です。<br><br>正確にはエンジンではありませんが、<b>ヴォイドリッパー</b>はすべての銀河の中心にある<b>ブラックホール</b>を通り抜けることができます。<br><br><b>精密スラスター</b>は、ローカルマップ内の船のセクションを移動するためだけに制限されており、<b>難破船</b>への接近や、<b>小惑星</b>を回避するのに有用です。<br><br>使用可能なエンジンや船の航行能力を確認するには、<b>{0}</b>オーバーレイを確認してください。",2024-11-22,
input.ToggleDirectControl,ショートカット: 直接指示の切り替え,,
codex.m.whattodo.quests.desc,<b>{0}</b>オーバーレイで進行可能なクエストを確認しましょう。クエストが完了すると次のクエストがアンロックされます。,,
goal.ConnectStasis,コールドスリープへの接続,,
goal.ConnectStasis.desc,<b>未接続のコールドスリープ</b>が少なくとも1つはあるはずです。<b>コールドスリープ</b>を接続して<b>冷凍睡眠システムの安定度</b>を保つようにしてください。<b>凍睡眠システムの安定度</b>が低いと、中に収容されている入植者たちに有害となる影響があるかもしれません。,,
tut.basic.controls.step.overlay.tasks,"<b>作業一覧</b>オーバーレイは、現在の作業タスクの割り当て状況を表示します。保留中、進行中、または失敗したタスクをの確認や調整ができます。",2024-11-23,
tut.basic.controls.1.title,基本操作,,
tut.basic.controls.1.desc,このチュートリアルでは、Stardeusで表示されるユーザーインターフェース(UI)の基本を紹介します。,,
tut.basic.controls.2.title,ツールメニューの操作,,
tut.basic.controls.2.desc,このチュートリアルではゲームをプレイする上で不可欠なツールのいくつかの使用方法を解説します。,,
tut.basic.controls.3.title,UIオーバーレイの見かた,,
tut.basic.controls.3.desc,"このチュートリアルでは、あらゆるオーバーレイ表示の使い方を解説します。それぞれのオーバーレイにはツールチップ（マウスでカーソルをあわせたときに表示されるヒント）があるため、このチュートリアルは必須ではありません。",,
compatible.body.sizes,適合する体のサイズ,,
body.size.Small,小,,
body.size.Medium,中,,
body.size.Large,大,,
noun.body.size,サイズ,,
body.part.species.compatibility,適合する種族,,
species.type.biological,有機生命体,,
species.type.robotic,ロボット生命体,,
noun.mind,気分,,
objects.devices.nanobothive,ナノボットハイヴ,,
objects.devices.nanobothive.desc,ナノボットの群体が収容されるハイヴだ。ハイヴから一定範囲内であればナノボットが単純な作業を実行できる,,
obj.materials.nanobots,ナノボット,,
obj.materials.nanobots.desc,ミクロサイズのロボットの群体だ。分子レベルや細胞レベルで精密作業を行うよう設計されている,,
nanobot.compatible,ナノボット対応可,,for labeling tasks that can be performed by nanobots
nanobot.reachable,ナノボット到達可能,,for labeling tasks that are reserved for nanobots
nanobot.unreachable,ナノボット到達不能,,
cant.heal,回復不能,,for labeling wounds that cannot heal
gameplay.short.stat,現実での日時: {0}<br>セッション経過時間: {1}<br>セーブデータ: {2}<br>ゲーム内の経過時間: {3}<br><br>適度に休憩をとりましょう！,2024-11-30,last change removed color tags
tut.production.last.msg,チュートリアルが終了したら反応炉の建造を完了できます。,,
input.ToggleHyperspace,ハイパースペース進入/脱出,,
hyperjump.cancelled,ハイパージャンプ中止,,