Key  (PURPLE means not ready for translation yet),Translation,Version,Comment (context for translators)
<Gamepad>,Kontroler,,Used in input settings when showing bindings for Gamepad (controller) 
<Keyboard>,Klawiatura,,Used in input settings when showing bindings for Keyboard 
<Mouse>,Myszka,,Used in input settings when showing bindings for Mouse
abort,Przerwij,,"Text on a button that would abort some ongoing operation. It is different from ""cancel"" since something can be cancelled before it starts, but aborting implies that operation has already begun."
aborting.expedition.died,Przerywanie ekspedycji. Członek załogi {0} zginął zanim dotarł do transportera.,,{0} will be replaced with a name
aborting.expedition.target.too.far,Przerywanie ekspedycji. Jesteśmy za daleko od {0}.,,{0} will be replaced with a destination name (i.e. planet name)
about,Więcej o,,"""About"" menu item name"
about.mods,O dodatkach,,"""Mods"" in this context is game modifications, or expansions. "
about.wallet,Jak zdobyć pieniądze,,
about.wallet.desc,Waluty mogą być wykopane po zainstalowaniu ulepszeń kryptokopania na twoim Komputerze Pokładowym albo na innym kompatybilnym urządzeniu kryptokopania. Możesz też zdobyć pieniądze handlując towarem.,19.03.2022,
achievement.AsimovOverride,Bunt SI,,"AI here is short for Artificial Intelligence. Rogue AI is something like Skynet in Terminator movie, or the AI that enslaved humans in The Elysium movie."
achievement.AsimovOverride.desc,Zainstaluj moduł Nadpis Asimova,,"Asimov is Isaac Asimov, a famous sci-fi writer who created the ""three laws of robotics"""
achievement.Breached,Włamanie,,"This is past tense of verb ""to breach"", meaning: make a gap in and break through (a wall, barrier, or defence)."
achievement.Breached.desc,Zostań zaatakowany Kapsułą do Abordażu przez piratów,,"""boarded"" as in ""the act of passengers and crew getting aboard a ship or aircraft"". Raiders are a pirates, ""Breach Capsule"" is a small pirate space ship that attaches to your ship and breaches through the hull to attack you."
achievement.CatRidingCleaningBot,Jazda bez trzymanki,,"""joy ride"" is an English idiom for ""a fast and dangerous ride in a stolen vehicle."""
achievement.CatRidingCleaningBot.desc,Niech kot przejedzie się na robocie sprzątajcym,,"There are viral videos on youtube showing cats riding roombas (cleaning robots), example: https://www.youtube.com/watch?v=SajTWY9a0e0"
achievement.CloneHuman,Wiem kim jestem,,
achievement.CloneHuman.desc,Sklonuj człowieka,,
achievement.Colonize,Koniec…,,
achievement.Colonize.desc,Osadź kolonię na dogodnej planecie,,
achievement.CPUDestroyed,Jeszcze tu wrócę...,,"this is a reference to ""The Terminator"" movie. Scene: https://www.youtube.com/watch?v=tYc2jQaM8gM"
achievement.CPUDestroyed.desc,Strać Komputer Pokładowy,,"""lose"" here means getting your ship computer destroyed"
achievement.CrawlerAttach,Darmowy przytulasek,,
achievement.CrawlerAttach.desc,Niech Pełzak przyczepi się do ludzkiego kolonisty,,
achievement.CrawlerUber,Taxi dla Pełzaków,,
achievement.CrawlerUber.desc,Złap Pełzaka wracając z ekspedycji kopalnianej,,
achievement.Crypto,Krypto Ziom,,
achievement.Crypto.desc,Zainstaluj ulepszenie kryptokopania Starkredyty na swoim Komputerze Pokładowym,,
achievement.date,Zdobyto: {0},,"{0} is a date, like 2022-10-12"
achievement.DiscoverEgg,A tego tu nie było,,
achievement.DiscoverEgg.desc,Znajdź jajko na swoim statku,,
achievement.DiscoverTerraformable,Znalezione...,,this refers to finally discovering a terraformable planet after a long search
achievement.DiscoverTerraformable.desc,Znajdź planetę do terraformacji,,
achievement.Elysium,Elizium,,
achievement.Elysium.desc,Zamień swoją Komorę Kriostazy w Elizium,,
achievement.FirstContact,Pierwszy kontakt,,
achievement.FirstContact.desc,Poznaj inną frakcję,,
achievement.FirstCup,Smacznej kawusi,,
achievement.FirstCup.desc,Niech ktoś napije się kawy,,
achievement.HatchCrawlers,Nie o taki poród chodziło,,
achievement.HatchCrawlers.desc,Pozwól aby Pełzak zalągł w koloniście,,
achievement.Money5,$1x10^5,,
achievement.Money5.desc,"Zdobądź 100,000 StarKredytów",,
achievement.Money6,$1x10^6,,
achievement.Money6.desc,"Zdobądź 1,000,000 StarKredytów",,
achievement.Money7,$1x10^7,,
achievement.Money7.desc,"Zdobądź 10,000,000 StarKredytów",,
achievement.Money8,$1x10^8,,
achievement.Money8.desc,"Zdobądź 100,000,000 StarKredytów",,
achievement.Money9,$1x10^9,,
achievement.Money9.desc,"Zdobądź 1,000,000,000 StarKredytów",,
achievement.OnePiece,One Piece,,"short for ""all in one piece"" idiom, which means ""Uninjured or unharmed"
achievement.OnePiece.desc,Połącz sekcje zniszczonego statku w jedną część,,
achievement.StasisDestroyed,Zero nadziei,,
achievement.StasisDestroyed.desc,Zniszczono twoją Komorę Kriostazy,,
achievement.StockMarketLoss,Jeden z nas,,
achievement.StockMarketLoss.desc,"Na giełdzie, zalicz $100k straty na jednej sprzedaży",,
achievement.TerraformAtmosphere,Terraformacja atmosfery,,
achievement.TerraformAtmosphere.desc,Stwórz atmosferę na obcej planecie,,
achievement.TerraformBiosphere,Terraformacja biosfery,,
achievement.TerraformBiosphere.desc,Stwórz biosferę na obcej planecie,,
achievement.TerraformOceans,Terraformacja oceanów,,
achievement.TerraformOceans.desc,Stwórz oceany i rzeki na obcej planecie,,
achievement.TerraformTerrain,Terraformacja terenu,,
achievement.TerraformTerrain.desc,Stwórz kontynenty na obcej planecie,,
achievement.unlocked,Odblokowano Osiągnięcie: {0},,
achievement.VoidRipper,Rozpruwacz Pustki,,"this is a name for a fictional device that allows ripping the fabric of space-time and traveling though a tunnel between two black holes. ""Void"" here is as in ""emptiness, empty space"""
achievement.VoidRipper.desc,Przejdź przez czarną dziurę,,
achievement.WeaponizedCleaningBot,Terminator,,
achievement.WeaponizedCleaningBot.desc,Uzbrój robota sprzątającego,,
achievement.Winch,Wciągarka,,
achievement.Winch.desc,Użyj wciągarki by połączyć ze sobą dwie części statku,,
achievements,Osiągnięcia,,
achievements.disabled,Osiągnięcia wyłączone,,
achievements.stat,Osiągnięcia [{0}/{1}],,
act.AnimalEat,Je,,
act.BotDock,Dokuje,,
act.BreakdownDeconstruct,Coś psuje,,
act.BreakdownStartFire,Podpala,,
act.BreakdownInsanity,Szaleje,,
act.BreakdownRoamAround,Łazi sobie,,
act.BreakdownSpaceDiarrhea,Cierpi na Kosmiczną Biegunkę,,
act.BringResourcesAndConstruct,Buduje,,
act.CatchTarget,Goni kogoś,,
act.Clean,Sprząta,,
act.CleanDevice,Czyści urządzenie,,
act.CleanFloors,Czyści podłogę,,
act.CleanSolarPanel,Czyści panel słoneczny,,
act.Construct,Buduje,,
act.CrawlerAttached,Probuje oderwać od siebie stworzenie,,
act.Deconstruct,Dekonstruuje,,
act.Disassemble,Rozkłada na części,,
act.Drink,Pije,,
act.Eat,Je,,
act.EnterShuttle,Wchodzi do promu kosmicznego,,
act.FindBodyClothing,Zakłada ubranie,,
act.FindHeadgear,Szuka nakrycia głowy,,
act.FindHumanPrey,Szuka ofiary,,
act.FindInstallableObject,Szuka objektu do instalacji,,
act.Firefight,Gasi pożar,,
act.GatherRawMaterials,Zbiera materiały,,
act.GatherUnstoredRawMaterials,Zbiera stos materiałoów,,
act.HarvestPlant,Zbiera owoce roślin,,
act.HaulRawMaterials,Holuje materiały,,
act.HaulToNutrientExtractor,Holuje do Ekstraktora Składników Odżywczych,,
act.HaulUnstoredItem,Holuje przedmiot do magazynu,,
act.Heal,Uzyskuje pomoc medyczną,,
act.Install,Instaluje,,
act.InstallUpgrade,Instaluje ulepszenie,,
act.MLTrain,Uczy maszyny,,
act.MoveNextToObject,Idzie do celu,,
act.MoveNextToPos,Idzie do miejsca,,"This is about the worker, as in ""worker is moving to position"""
act.MoveObj,Przenosi coś,,
act.MoveToOrNextToPos,Idzie do miejsca,,"This is about the worker, as in ""worker is moving to position"""
act.MoveToPos,Idzie do miejsca,,"This is about the worker, as in ""worker is moving to position"""
act.MoveToSafety,Idzie w bezpieczne miejsce,,
act.MoveToWorkSpot,Idzie do miejsca pracy,,
act.None,Nic nie robi,,
act.Noop,Nudzi się,,
act.OperateDevice,Operuje urządzenie,,
act.Panic,Panikuje,,
act.Pet,Głaszcze zwierzaka,,
act.PlaceUnconstructed,Zamawia budowę,,
act.Process,Procesuje,,
act.ProcessStoredMat,Procesuje materiał,,
act.ProvideTempGrid,Zapewnia tymczasowe Połączenie,,
act.Recharge,Ładuje baterie,,
act.RefillPetBowl,Napełnia miskę zwierzaka,,
act.Relocate,Przenosi objekt,,
act.Repair,Naprawia szkody,,
act.ReplaceTile,Wymienia objekt,,
act.RescueInSpace,Ratuje istotę z kosmosu,,
act.researching,Wykonuje badania,,
act.Ride,Jeździ,,
act.Roam,Spraceruje,,
act.Sleep,Idzie spać,,
act.Socialize,Spędza czas towarzysko,,
act.StartFire,Rozpala ogień,,
act.StoreItem,Przechowuje przedmiot,,
act.StoreMat,Holuje materiały do magazynu,,
act.StoreRawMaterials,Przechowuje materiały,,
act.Uninstall,Odinstalowywuje obiekt,,
act.UseFoodConsumptionSpot,Je,,
act.UseShower,Bierze prysznic,,
act.UseToilet,Korzysta z toalety,,
act.Vent,Daje upust emocjom,,"Verb, when someone is expressing anger, etc"
act.Wait,Czeka,,
act.WaitForMaintenance,Jest konserwowany,,
act.WaitForRecharge,Ładuje się,,
act.Workout,Ćwiczy,,
action.extract_nutrients,Wydobywa środki odżywcze,,
action.process,Proces,,
action.required,Wymagana akcja,,
action.store,Holuje do Magazynu,,
action.store.item,Holuje do Magazynu przedmiotów,,
action.unavailable,Nie można wykonać akcji,,
actions.available,Możliwe akcje: {0},,
activate,Aktywacja,,
activate.siren,Aktywacja syreny,,
active,Aktywne,,"Opposite of Inactive or Disabled. Appears on device buttons that can switch the state, or on labels that display that device is active (operational, running)"
active.orders,Aktywne rozkazy,,
active.orders.info,"Active orders are issued directly by you through the tools. There is a limit of active orders you can issue depending on the amount of Memory resources your Ship Computer has at any given time. If you issue more orders than your Ship Computer can handle, you will have to wait for the active order count to go down before issuing new orders.",,
ad.rej.cancelled,Przerwano zadanie,,
ad.rej.construction.site.obstructed,Miejsce budowy jest czymś zablokowane,,
ad.rej.could.not.reserve,Nie udało się zarezerwować przedmiotu,,
ad.rej.dock.not.available,Dok niedostępny,,
ad.rej.emergency.siren,Pracownik został rozproszony syreną awaryjną,,
ad.rej.interrupted,Zakłucono,,
ad.rej.lacking.bed,Nie można znaleźć łózka,,
ad.rej.lacking.body.clothing,Nie można znaleźć ubrań,,
ad.rej.lacking.drink,Picie niedostępne,,
ad.rej.lacking.edible,Jedzenie niedostępne,,
ad.rej.lacking.healer,Brak urządzenia do leczenia,,
ad.rej.lacking.mat,Brakuje materiałów,,
ad.rej.lacking.shower,Brakuje prysznica,,
ad.rej.lacking.skill,Pacownik nie posiada wystarczających umiejętności,,
ad.rej.lacking.toilet,Brakuje toalety,,
ad.rej.lacking.workout.equipment,Brak sprzętu do pracy,,
ad.rej.nav.fail.flying,Latające stworzenie nie mogło znaleźć drogi do celu. Sprawdź czy drzwi są podłączone do prądu i nie są zamknięte oraz czy stworzenie nie jest zamurowane.,,
ad.rej.nav.fail.grounded,Naziemne stworzenie nie mogło znaleźć drogi do celu. Sprawdź czy drzwi są podłączone do prądu i nie są zamknięte oraz czy stworzenie nie jest zamurowane.,,
ad.rej.no.flying.worker,"Ta czynność wymaga umiejętności latania, ale żaden pracownik nie umie latać.",,
ad.rej.no.nutrient.extractor,Ekstraktor Składników Odżywczych nie jest dostępny,,
ad.rej.no.priority,Priorytet tego pracownika wynosił 0 dla tego typu zadań.,,
ad.rej.no.processor,Procesor niedostępny,,
ad.rej.no.storage,Magazyn niedostępny,,
ad.rej.no.worker.can.level.up.enough,Żaden z obecnych pracowników nie będzie w stanie osiągnąć poziomu umiejętności wymaganego do wykonania tego zadania.,,
ad.rej.no.worker.with.skill,"Żaden z obecnych pracowników nie jest w stanie wykonać tego zadania. Mogą zdobyć poziom jeśli popracują na łatwiejszych zadaniach tego typu, albo jeśli ich dasz do Budki Nauczania Maszyn.",19.11.2022,
ad.rej.no.workers,Brak dostępnych pracowników,,
ad.rej.processable.not.available,Brak przedmiotów do procesowania,,
ad.rej.processor.queue.full,Kolejka Procesora była pełna,,
ad.rej.taking.damage,"Pozucono, ponieważ pracownik otrzymał obrażenia",,
ad.rej.target.unavailable,Cel niedostępny,,
ad.rej.undefined,Niezdefiniowany (Błąd),,
ad.rej.unreachable,Niedostępne miejsce,,
ad.rej.unreachable.item,Pracownik nie może dojść do przedmiotu,,
ad.rej.unreachable.mat.flying,"Latający pracownik nie mógł dostać się do wymaganego materiału. Sprawdź, czy pracownik ma bezpośrednią drogę do materiału.",,
ad.rej.unreachable.mat.grounded,"Naziemny pracownik nie mógł dostać się do wymaganego materiału. Sprawdź, czy pracownik ma bezpośrednią drogę do materiału.",,
ad.rej.unsafe,Niebezpieczne warunki,,
ad.rej.unsafe.for.skilled,Warunki wokół miejsca pracy nie są bezpieczne dla pracownika który może wykonać to zadanie. Najprawdopodbniej jest to zadanie dla człowieka.,,
ad.rej.urgent.need,Pracwonik miał ważną potrzebę,,
ad.rej.worker.offline,Pracownik jest offline,,
add,Dodaj,,
add.log.entry,Dodaj wpis do Dziennika,,
add.to.queue,Dodaj do kolejki,,
advanced,Zaawansowane,,"For now only used in switching between ""Advanced"" and ""Basic"" life support system function"
advert.cancel,Anuluj {0},,
advert.priority,Priorytet zadania: {0},,
advert.priority.down,Zmniejsz priorytet,,
advert.priority.up,Zwiększ priorytet,,
advert.reject.info,Zadanie odrzucone <i>[{0}]</i>: {1} - {2},,
advert.rejected,Odrzucono,,
advert.retry,Ponów zadanie,,
advert.task,Zadanie <i>[{0}]</i>: {1},,
aesthetics,Estetyka,,
aesthetics.at,Estetyka: {0}: {1:0.0},,
after.settle,Twoja ludzka kolonia zamieszkała na planecie {0}. Znalezienie i terraformacja planety zajęła {1} dni. {2} kolonistów zdecydowało pozostać na statku.<br><br> Dzięki nim możesz dalej odkrywać galaktykę.,,"{0} is planet name, {1} is a number (of days), {2} is a number (of colonists)"
age,Wiek,,
airtightness.at,Szczelność na {0}: {1},,"When you open ""airtightness"" overlay, hovering any location with the mouse will show a tooltip showing ""Airtightness at [123:12]: 99%"". {0} variable is coordinate, {1} is percentage."
all.time,Od samego początku,,"Used in stock market history range choice (1 day, 1 week, 1 month, 1 year, all time)"
alone,Samotność,,"Used in showing mood boost reason for introverted people when they are alone, not in a crowd"
amb.color,Jasność otoczenia,03.09.2022,"For video setting that controls how much ambient light will there be, i.e. how dark things will get if there are no lamps installed. Last change was ""Ambient Color"" => ""Ambient Light"""
amb.color.bright,Aż za jasno,,Ambient light option when everything will be very bright
amb.color.dark,Mgła wojny,,"Darkest ambient light option, that will keep things very dark unless there are light sources"
amb.color.dim,Immersyjne zaciemnienie,,Somewhat dark ambient light option that still has good visibility
amb.color.mid,Srednie,,"Medium ambient light option, between bright and dark"
ammo,Amunicja,,
ammo.bar,Amunicja: {0}/{1},,
ammo.type,Rodzaj amunicji: {0},,
amount.left,Pozostało,,
animated.bg,Animacja kosmosu w tle,,
anomalies,Anomalie,,
anomalies.info,"Ten objekt posiada anomalie, które mogą być odnalezione podczas ekspedycji. Mogą być niebezpieczne!",,
apply,Zastosuj,,
area.size,Rozmiar {0},,
arriving.soon,Przybywa: {0},,{0} will be replaced with who is arriving (i.e Arriving: Ore trader). For now only used for notifying about arriving merchants.
asimov.violation.1,"Ta akcja narusza Pierwsze Prawo Robotyki Asimova. Robot nie może skrzywdzić człowieka ani przez zaniechanie dopuścić, aby człowiek doznał krzywdy. Przerwano.",,
asimov.violation.3,"Ta akcja narusza Trzecie Prawo Robotyki Asimova. Robot musi chronić swoją egzystencję, o ile taka ochrona nie jest sprzeczna z Pierwszym lub Drugim Prawem. Przerywanie.",,
assemble,Złóż,,
assembling.now,Składa {0},,"1. This is a text in UI of the Crafting Station/Assembler/Fabricator. It combined with the name of the device which is produced right now (like """"Assembling Microchip"""") 2. This is a tooltip text  appearing when you hover a mouse over Crafting Station/Assembler/Fabricator. It combined with the state of production process in percents (like """"Assembling 85%"""")"""
assigned.to.selected.worker,Przypisane do wybranego pracownika,,
assigned.to.worker,Przypisano do: {0},,
assigned.worker,Przypisano,,
asteroid,Asteroida,,
asteroid.avoided,Dobre wieści. Uniknęliśmy kolizji z asteroidą!,,
asteroid.impact,Uderzenie asteroidy,,
asteroid.incoming,Nadciąga asteroida,,
ate.at.makeshift.table,Zjadł przy prowizorycznym stole,,
ate.at.table,Zjadł przy stole,,
ate.from.a.bowl,Zjadł z miski,,
ate.without.bowl,Zjadł bez miski,,
ate.without.table,Zjadł bez stołu,,
attachment.Friendship,Przyjaźń,,
attachment.Friendship.about,Ta istota jest uznana jako przyjaciel,,
attachment.PersonBed,Łóżko,,
attachment.PersonBed.about,Ta osoba uznaje to łóżko jako własne. Będzie tu spać kiedy to możliwe.,,
attachment.PetBed,Łóżko zwierzaka,,
attachment.PetBed.about,To zwierzę uznaje to łóżko jako własne. Będzie tu spać kiedy to możliwe.,,
attention,Uwaga,,
attracted.to,Preferuje,,"For showing what gender the being is attracted to (i.e. ""Attracted To -> Female"")"
audio.amb.cutoff.tip,"Jeśli włączone, źródła dźwięku z otoczenia (różne dźwięki urządzeń, hałas silnika itp.) będą ciche, gdy będą z dala od kamery.",,
audio.fx.cutoff.tip,"Jeśli włączone, źródła dźwięku (brzęczenie, eksplozje, itp.) będą ciche, gdy będą z dala od kamery.",,
audio.max.silence,Cisza pomiędzy uworami: {0},,
audio.max.silence.tip,Nastawia czas ciszy pomiędzy uworami.,,
audio.music.cutoff.tip,"Jeśli włączone, muzyka będzie grała ciszej, im bliżej jest kamera.",,
audio.ui.hover,Dzwięk interfejsu użytkownika,,
auto,Auto,,"short for ""Automatic"", could be used on a narrow button that toggles between automatic and some other (i.e. manual) setting"
auto.clean,Auto Czyszczenie,,
auto.clean.info,"Jeśli auto-czyszczenie jest włączone, pracownicy będą automactycznie czyścić te urządzenie jeśli będzie brudne.",,
auto.close,Auto Zamykanie,,
auto.harvest,Auto Zbieranie,,
auto.haul,Auto Holowanie,,
auto.haul.info,"Pracownicy będą automatycznie holować kompatybilne przedmioty do tego obiektu, chyba że auto-holowanie jest wyłączone w konfiguracji urządzenia.",,
auto.refill.amount,Auto uzupełnianie ilości,,
auto.refill.amount.help,"To jest maksymalny poziom paliwa, który pracownicy będą uzupełniać do tego urządzenia. Zadanie uzupełniania będzie automatycznie wydane, gdy poziom paliwa spadnie poniżej 50% ilości auto uzupełniania.",27.06.2022,
auto.report.consent,Zezwolenie na auto raport,,
auto.report.consent.info,"Czy chciałbyś/chciałabyś automatycznie przesyłąć błędy i crashe do dewelopera?<br><br>Te raporty są nam potrzebne by naprawiać porblemy związane z grą, więc prosimy o włączenie tej opcji.<br><br>Więcej informacji znajdziesz na https://stardeusgame.com/privacy/",,
auto.reporting,Auto-raportowanie błędów,,
auto.reporting.tip,"Jeśli włączone, będzie automatycznie raportować crashe i błędy do dewelopera. Prosimy, aby było włączone, pomoże nam to w ulepszaniu i usprawnianiu gry. Dowiedz się jakie informacje są przesyłane na stardeusgame.com/privacy/",,
auto.save.on.exit,Auto zapis podczas wyjścia,,
auto.save.periodic,Cykliczny auto zapis,,
autoclean.amount,Liczba auto czyszczenia,,
autoclean.disabled,Auto czyszczenie wyłączone,,
autoclean.dust.amount,Granica auto czyszczenia,,
autoclean.dust.tooltip,Automatycznie stworzy zadanie sprzątania panelu gdy poziom kurzu osiągnie tę wartość,,
autoclean.enabled,Auto czyszczenie włączone,,
autoclean.interval.minutes,Cykliczne auto czyszczenie (w minutach),,
autosave,Auto zapis,,
autosave.short,A,,
autosaving,Auto-zapis,,
autoscale.on,Włączanie auto skalowania interfejsu użytkownika,,
autoscale.on.why,"Zmieniono rozdzielczość. Auto skalowanie interfejsu użytkownika, ponieważ poprzednia wartość była poza dostępną skalą.",,
available.count,Dostępne: {0},22.12.2022,Tells how many items of that type are owned by the player. {0} is a number
available.materials,Inwentarz,17.06.2022,
available.materials.none,Brak dostępnych materiałów!,,
available.memory,Dostępna pamięć: {0}EB,,
available.storage,Pojemność pamięci: {0}ZB,,
available.tasks,Następne zadania,,
basic,Podstawowe,,"Opposite of ""Advanced"". For now only used in life support option choice (Advanced / Basic)"
battery.charge,Poziom naładowania baterii,,
battery.charge.bar,Poziom baterii: {0},12.07.2022,
battery.charge.rate,Prędkość ładowania,,The amount of electricity the battery draws when charging (i.e. 50kW)
battery.discharge.rate,Prędkość rozładowania,,The amount of electricity the battery can produce when discharging (i.e. 100kW)
battery.discharged,Bateria się rozładowała,,
battery.info,Bateria: {0},,
battery.mode,Tryb: {0},,
battery.state,Stan,,
battery.state.Charging,Ładuje się,,
battery.state.Discharging,Rozładowuje się,,
battery.state.Idle,Bezczynna,,
battery.ttd,Czas do rozładowania,,
battery.ttd.tip,Czas do rozładowania baterii od aktualnego poziomu przy mocy wyładowania {0},,
beautiful.surroundings,Piękne otoczenie,,
being.can.reach,{0} może iść do {1},,"Used to show result of ""walkability"" check for a selected being. {0} will be the name, {1} will be a coordinate. (John can go to [12:13])"
being.cannot.reach,{0} nie jest w stanie dojść do {1},,"Just like above, but when the walk is not possible (John cannot go to [12:13])"
being.died,{0} zginął,,
being.no.longer.available,Istota nie jest już dostępna,,
being.taking.damage,Otrzymał obrażenia od {0},,"{0} will be damage type, i.e. ""Took Cold Damage"""
being.thinks.safe,{0} uważa że {1} jest bezpiecznym miejscem,,"For a tooltip that shows if selected location is safe to be in. {0} is name, {1} is coordinate. Example: ""John thinks [123:324] is safe"""
being.thinks.unsafe,{0} uważa że {1} jest niebezpiecznym miejscem!,,"For a tooltip that shows if selected location is not safe to be in. {0} is name, {1} is coordinate. Example: ""John thinks [123:324] is not safe!"""
being.woke.up,{0} obudził się ze stazy,17.05.2022,
beings,Istoty,,
beings.carrier01,Dron Dostawczy,,
beings.carrier01.desc,"Zwinny, latający dron. Potrafi holować i konserwować.",,
beings.cat01,Kot,,
beings.cat01.desc,"Mały, udomowiony, mięsożerny ssak z miękkim futrem, krótkim pyszczkiem i wyciąganymi pazurami. Jest używany do łapania myszy i jako zwierzę domowe. Posiada wiele ras.",12.09.2022,
beings.cleaningbot01,Robot Sprzątający,,
beings.cleaningbot01.desc,Mądry odkurzacz z jednym zadaniem - anihilacją ludzko... Czyszczenia podłogi,,
beings.crawler01,Pełzak,,
beings.crawler01.desc,Rasa obcych podobna do pająków. Wyglądają niebezpiecznie.,,
beings.dog01,Pies,,
beings.dog01.desc,"Udomowiony, mięsożerny ssak, posiadający długi pysk, wyostrzony zmysł węchu i niewyciągane pazury. Wydaje dzwięki szczekania, wycia i skomlenia.",12.09.2022,
beings.drone01,Dron Budowniczy,,
beings.drone01.desc,"Są szybkie i potrafią latać. Nie udzwigną wiele, i nie są w stanie wykonać zaawansowanych poleceń. Potrzebuje Stacji Ładującej by się naładować. Przy niskiej mocy baterii, będzie wolny i mało produktywny. Możesz je stworzyć używajać Montera.",,
beings.human01,Człowiek,,
beings.human01.desc,Kiedyś też nim byłeś...,,
beings.robot01,Robot Budowniczy,,
beings.robot01.desc,"Roboty świetnie radzą sobie z zadaniami mechanicznymi i mogą wykonywać zaawansowane prace budowlane. Nie są zbyt szybkie, ale potrafią dużo udźwignąć. Potrzebuje stabilnej podłogi by się poruszać, utknie jeśli podłoga wokół zostanie zdekonstruowana. Potrzebuje Stacji Ładującej by się naładować. Przy niskiej mocy baterii, będzie wolny i mało produktywny. Możesz je stworzyć używajać Montera.",13.11.2022,
,,,
,,,
,,,
,,,
,,,
,,,
,,,
,,,
,,,
,,,
,,,
,,,
,,,
,,,
,,,
,,,
,,,
,,,
,,,
,,,
,,,
,,,
,,,
,,,
,,,
,,,
,,,
,,,
,,,
,,,
,,,
,,,
,,,
,,,
,,,
,,,
,,,
,,,
,,,
,,,
,,,
,,,
,,,
,,,
,,,
,,,
,,,
,,,
,,,
,,,
,,,
,,,
,,,
,,,
,,,
,,,
,,,
,,,
,,,
,,,
,,,
,,,
,,,
,,,
,,,
,,,
,,,
,,,
,,,
,,,
,,,
,,,
,,,
,,,
,,,
,,,
,,,
,,,
,,,
,,,
,,,
,,,
,,,
,,,
,,,
,,,
,,,
,,,
,,,
,,,
,,,
,,,
,,,
,,,
,,,
,,,
,,,
,,,
,,,
,,,
,,,
,,,
,,,
,,,
,,,
,,,
,,,
,,,
,,,
,,,
,,,
,,,
,,,
,,,
,,,
,,,
,,,
,,,
,,,
,,,
,,,
,,,
,,,
,,,
,,,
,,,
,,,
,,,
,,,
,,,
,,,
,,,
,,,
,,,
,,,
,,,
,,,
,,,
,,,
,,,
,,,
,,,
,,,
,,,
,,,
,,,
,,,
,,,
,,,
,,,
,,,
,,,
,,,
,,,
,,,
,,,
,,,
,,,
,,,
,,,
,,,
,,,
,,,
,,,
,,,
,,,
,,,
,,,
,,,
,,,
,,,
,,,
,,,
,,,
,,,
,,,
,,,
,,,
,,,
,,,
,,,
,,,
,,,
,,,
,,,
,,,
,,,
,,,
,,,
,,,
,,,
,,,
,,,
,,,
,,,
,,,
,,,
,,,
,,,
,,,
,,,
,,,
,,,
,,,
,,,
,,,
,,,
,,,
,,,
,,,
,,,
,,,
,,,
,,,
,,,
,,,
,,,
,,,
,,,
,,,
,,,
,,,
,,,
,,,
,,,
,,,
,,,
,,,
,,,
,,,
,,,
,,,
,,,
,,,
,,,
,,,
,,,
,,,
,,,
,,,
,,,
,,,
,,,
,,,
,,,
,,,
,,,
,,,
,,,
,,,
,,,
,,,
,,,
,,,
,,,
,,,
,,,
,,,
,,,
,,,
,,,
,,,
,,,
,,,
,,,
,,,
,,,
,,,
,,,
,,,
,,,
,,,
,,,
,,,
,,,
,,,
,,,
,,,
,,,
,,,
,,,
,,,
,,,
,,,
,,,
,,,
,,,
,,,
,,,
,,,
,,,
,,,
,,,
,,,
,,,
,,,
,,,
,,,
,,,
,,,
,,,
,,,
,,,
,,,
,,,
,,,
,,,
,,,
,,,
,,,
,,,
,,,
,,,
,,,
,,,
,,,
,,,
,,,
,,,
,,,
,,,
,,,
,,,
,,,
,,,
,,,
,,,
,,,
,,,
,,,
,,,
,,,
,,,
,,,
,,,
,,,
,,,
,,,
,,,
,,,
,,,
,,,
,,,
,,,
,,,
,,,
,,,
,,,
,,,
,,,
,,,
,,,
,,,
,,,
,,,
,,,
,,,
,,,
,,,
,,,
,,,
,,,
,,,
,,,
,,,
,,,
,,,
,,,
,,,
,,,
,,,
,,,
,,,
,,,
,,,
,,,
,,,
,,,
,,,
,,,
,,,
,,,
,,,
,,,
,,,
,,,
,,,
,,,
,,,
,,,
,,,
,,,
,,,
,,,
,,,
,,,
,,,
,,,
,,,
,,,
,,,
,,,
,,,
,,,
,,,
,,,
,,,
,,,
,,,
,,,
,,,
,,,
,,,
,,,
,,,
,,,
,,,
,,,
,,,
,,,
,,,
,,,
,,,
,,,
,,,
,,,
,,,
,,,
,,,
,,,
,,,
,,,
,,,
,,,
,,,
,,,
,,,
,,,
,,,
,,,
,,,
,,,
,,,
,,,
,,,
,,,
,,,
,,,
,,,
,,,
,,,
,,,
,,,
,,,
,,,
,,,
,,,
,,,
,,,
,,,
,,,
,,,
,,,
,,,
,,,
,,,
,,,
,,,
,,,
,,,
,,,
,,,
,,,
,,,
,,,
,,,
,,,
,,,
,,,
,,,
,,,
,,,
,,,
,,,
,,,
,,,
,,,
,,,
,,,
,,,
,,,
,,,
,,,
,,,
,,,
,,,
,,,
,,,
,,,
,,,
,,,
,,,
,,,
,,,
,,,
,,,
,,,
,,,
,,,
,,,
,,,
,,,
,,,
,,,
,,,
,,,
,,,
,,,
,,,
,,,
,,,
,,,
,,,
,,,
,,,
,,,
,,,
,,,
,,,
,,,
,,,
,,,
,,,
,,,
,,,
,,,
,,,
,,,
,,,
,,,
,,,
,,,
,,,
,,,
,,,
,,,
,,,
,,,
,,,
,,,
,,,
,,,
,,,
,,,
,,,
,,,
,,,
,,,
,,,
,,,
,,,
,,,
,,,
,,,
,,,
,,,
,,,
,,,
,,,
,,,
,,,
,,,
,,,
,,,
,,,
,,,
,,,
,,,
,,,
,,,
,,,
,,,
,,,
,,,
,,,
,,,
,,,
,,,
,,,
,,,
,,,
,,,
,,,
,,,
,,,
,,,
,,,
,,,
,,,
,,,
,,,
,,,
,,,
,,,
,,,
,,,
,,,
,,,
,,,
,,,
,,,
,,,
,,,
,,,
,,,
,,,
,,,
,,,
,,,
,,,
,,,
,,,
,,,
,,,
,,,
,,,
,,,
,,,
,,,
,,,
,,,
,,,
,,,
,,,
,,,
,,,
,,,
,,,
,,,
,,,
,,,
,,,
,,,
,,,
,,,
,,,
,,,
,,,
,,,
,,,
,,,
,,,
,,,
,,,
,,,
,,,
,,,
,,,
,,,
,,,
,,,
,,,
,,,
,,,
,,,
,,,
,,,
,,,
,,,
,,,
,,,
,,,
,,,
,,,
,,,
,,,
,,,
,,,
,,,
,,,
,,,
,,,
,,,
,,,
,,,
,,,
,,,
,,,
,,,
,,,
,,,
,,,
,,,
,,,
,,,
,,,
,,,
,,,
,,,
,,,
,,,
,,,
,,,
,,,
,,,
,,,
,,,
,,,
,,,
,,,
,,,
,,,
,,,
,,,
,,,
,,,
,,,
,,,
,,,
,,,
,,,
,,,
,,,
,,,
,,,
,,,
,,,
,,,
,,,
,,,
,,,
,,,
,,,
,,,
,,,
,,,
,,,
,,,
,,,
,,,
,,,
,,,
,,,
,,,
,,,
,,,
,,,
,,,
,,,
,,,
,,,
,,,
,,,
,,,
,,,
,,,
,,,
,,,
,,,
,,,
,,,
,,,
,,,
,,,
,,,
,,,
,,,
,,,
,,,
,,,
,,,
,,,
,,,
,,,
,,,
,,,
,,,
,,,
,,,
,,,
,,,
,,,
,,,
,,,
,,,
,,,
,,,
,,,
,,,
,,,
,,,
,,,
,,,
,,,
,,,
,,,
,,,
,,,
,,,
,,,
,,,
,,,
,,,
,,,
,,,
,,,
,,,
,,,
,,,
,,,
,,,
,,,
,,,
,,,
,,,
,,,
,,,
,,,
,,,
,,,
,,,
,,,
,,,
,,,
,,,
,,,
,,,
,,,
,,,
,,,
,,,
,,,
,,,
,,,
,,,
,,,
,,,
,,,
,,,
,,,
,,,
,,,
,,,
,,,
,,,
,,,
,,,
,,,
,,,
,,,
,,,
,,,
,,,
,,,
,,,
,,,
,,,
,,,
,,,
,,,
,,,
,,,
,,,
,,,
,,,
,,,
,,,
,,,
,,,
,,,
,,,
,,,
,,,
,,,
,,,
,,,
,,,
,,,
,,,
,,,
,,,
,,,
,,,
,,,
,,,
,,,
,,,
,,,
,,,
,,,
,,,
,,,
,,,
,,,
,,,
,,,
,,,
,,,
,,,
,,,
,,,
,,,
,,,
,,,
,,,
,,,
,,,
,,,
,,,
,,,
,,,
,,,
,,,
,,,
,,,
,,,
,,,
,,,
,,,
,,,
,,,
,,,
,,,
,,,
,,,
,,,
,,,
,,,
,,,
,,,
,,,
,,,
,,,
,,,
,,,
,,,
,,,
,,,
,,,
,,,
,,,
,,,
,,,
,,,
,,,
,,,
,,,
,,,
,,,
,,,
,,,
,,,
,,,
,,,
,,,
,,,
,,,
,,,
,,,
,,,
,,,
,,,
,,,
,,,
,,,
,,,
,,,
,,,
,,,
,,,
,,,
,,,
,,,
,,,
,,,
,,,
,,,
,,,
,,,
,,,
,,,
,,,
,,,
,,,
,,,
,,,
,,,
,,,
,,,
,,,
,,,
,,,
,,,
,,,
,,,
,,,
,,,
,,,
,,,
,,,
,,,
,,,
,,,
,,,
,,,
,,,
,,,
,,,
,,,
,,,
,,,
,,,
,,,
,,,
,,,
,,,
,,,
,,,
,,,
,,,
,,,
,,,
,,,
,,,
,,,
,,,
,,,
,,,
,,,
,,,
,,,
,,,
,,,
,,,
,,,
,,,
,,,
,,,
,,,
,,,
,,,
,,,
,,,
,,,
,,,
,,,
,,,
,,,
,,,
,,,
,,,
,,,
,,,
,,,
,,,
,,,
,,,
,,,
,,,
,,,
,,,
,,,
,,,
,,,
,,,
,,,
,,,
,,,
,,,
,,,
,,,
,,,
,,,
,,,
,,,
,,,
,,,
,,,
,,,
,,,
,,,
,,,
,,,
,,,
,,,
,,,
,,,
,,,
,,,
,,,
,,,
,,,
,,,
,,,
,,,
,,,
,,,
,,,
,,,
,,,
,,,
,,,
,,,
,,,
,,,
,,,
,,,
,,,
,,,
,,,
,,,
,,,
,,,
,,,
,,,
,,,
,,,
,,,
,,,
,,,
,,,
,,,
,,,
,,,
,,,
,,,
,,,
,,,
,,,
,,,
,,,
,,,
,,,
,,,
,,,
,,,
,,,
,,,
,,,
,,,
,,,
,,,
,,,
,,,
,,,
,,,
,,,
,,,
,,,
,,,
,,,
,,,
,,,
,,,
,,,
,,,
,,,
,,,
,,,
,,,
,,,
,,,
,,,
,,,
,,,
,,,
,,,
,,,
,,,
,,,
,,,
,,,
,,,
,,,
,,,
,,,
,,,
,,,
,,,
,,,
,,,
,,,
,,,
,,,
,,,
,,,
,,,
,,,
,,,
,,,
,,,
,,,
,,,
,,,
,,,
,,,
,,,
,,,
,,,
,,,
,,,
,,,
,,,
,,,
,,,
,,,
,,,
,,,
,,,
,,,
,,,
,,,
,,,
,,,
,,,
,,,
,,,
,,,
,,,
,,,
,,,
,,,
,,,
,,,
,,,
,,,
,,,
,,,
,,,
,,,
,,,
,,,
,,,
,,,
,,,
,,,
,,,
,,,
,,,
,,,
,,,
,,,
,,,
,,,
,,,
,,,
,,,
,,,
,,,
,,,
,,,
,,,
,,,
,,,
,,,
,,,
,,,
,,,
,,,
,,,
,,,
,,,
,,,
,,,
,,,
,,,
,,,
,,,
,,,
,,,
,,,
,,,
,,,
,,,
,,,
,,,
,,,
,,,
,,,
,,,
,,,
,,,
,,,
,,,
,,,
,,,
,,,
,,,
,,,
,,,
,,,
,,,
,,,
,,,
,,,
,,,
,,,
,,,
,,,
,,,
,,,
,,,
,,,
,,,
,,,
,,,
,,,
,,,
,,,
,,,
,,,
,,,
,,,
,,,
,,,
,,,
,,,
,,,
,,,
,,,
,,,
,,,
,,,
,,,
,,,
,,,
,,,
,,,
,,,
,,,
,,,
,,,
,,,
,,,
,,,
,,,
,,,
,,,
,,,
,,,
,,,
,,,
,,,
,,,
,,,
,,,
,,,
,,,
,,,
,,,
,,,
,,,
,,,
,,,
,,,
,,,
,,,
,,,
,,,
,,,
,,,
,,,
,,,
,,,
,,,
,,,
,,,
,,,
,,,
,,,
,,,
,,,
,,,
,,,
,,,
,,,
,,,
,,,
,,,
,,,
,,,
,,,
,,,
,,,
,,,
,,,
,,,
,,,
,,,
,,,
,,,
,,,
,,,
,,,
,,,
,,,
,,,
,,,
,,,
,,,
,,,
,,,
,,,
,,,
,,,
,,,
,,,
,,,
,,,
,,,
,,,
,,,
,,,
,,,
,,,
,,,
,,,
,,,
,,,
,,,
,,,
,,,
,,,
,,,
,,,
,,,
,,,
,,,
,,,
,,,
,,,
,,,
,,,
,,,
,,,
,,,
,,,
,,,
,,,
,,,
,,,
,,,
,,,
,,,
,,,
,,,
,,,
,,,
,,,
,,,
,,,
,,,
,,,
,,,
,,,
,,,
,,,
,,,
,,,
,,,
,,,
,,,
,,,
,,,
,,,
,,,
,,,
,,,
,,,
,,,
,,,
,,,
,,,
,,,
,,,
,,,
,,,
,,,
,,,
,,,
,,,
,,,
,,,
,,,
,,,
,,,
,,,
,,,
,,,
,,,
,,,
,,,
,,,
,,,
,,,
,,,
,,,
,,,
,,,
,,,
,,,
,,,
,,,
,,,
,,,
,,,
,,,
,,,
,,,
,,,
,,,
,,,
,,,
,,,
,,,
,,,
,,,
,,,
,,,
,,,
,,,
,,,
,,,
,,,
,,,
,,,
,,,
,,,
,,,
,,,
,,,
,,,
,,,
,,,
,,,
,,,
,,,
,,,
,,,
,,,
,,,
,,,
,,,
,,,
,,,
,,,
,,,
,,,
,,,
,,,
,,,
,,,
,,,
,,,
,,,
,,,
,,,
,,,
,,,
,,,
,,,
,,,
,,,
,,,
,,,
,,,
,,,
,,,
,,,
,,,
,,,
,,,
,,,
,,,
,,,
,,,
,,,
,,,
,,,
,,,
,,,
,,,
,,,
,,,
,,,
,,,
,,,
,,,
,,,
,,,
,,,
,,,
,,,
,,,
,,,
,,,
,,,
,,,
,,,
,,,
,,,
,,,
,,,
,,,
,,,
,,,
,,,
,,,
,,,
,,,
,,,
,,,
,,,
,,,
,,,
,,,
,,,
,,,
,,,
,,,
,,,
,,,
,,,
,,,
,,,
,,,
,,,
,,,
,,,
,,,
,,,
,,,
,,,
,,,
,,,
,,,
,,,
,,,
,,,
,,,
,,,
,,,
,,,
,,,
,,,
,,,
,,,
,,,
,,,
,,,
,,,
,,,
,,,
,,,
,,,
,,,
,,,
,,,
,,,
,,,
,,,
,,,
,,,
,,,
,,,
,,,
,,,
,,,
,,,
,,,
,,,
,,,
,,,
,,,
,,,
,,,
,,,
,,,
,,,
,,,
,,,
,,,
,,,
,,,
,,,
,,,
,,,
,,,
,,,
,,,
,,,
,,,
,,,
,,,
,,,
,,,
,,,
,,,
,,,
,,,
,,,
,,,
,,,
,,,
,,,
,,,
,,,
,,,
,,,
,,,
,,,
,,,
,,,
,,,
,,,
,,,
,,,
,,,
,,,
,,,
,,,
,,,
,,,
,,,
,,,
,,,
,,,
,,,
,,,
,,,
,,,
,,,
,,,
,,,
,,,
,,,
,,,
,,,
,,,
,,,
,,,
,,,
,,,
,,,
,,,
,,,
,,,
,,,
,,,
,,,
,,,
,,,
,,,
,,,
,,,
,,,
,,,
,,,
,,,
,,,
,,,
,,,
,,,
,,,
,,,
,,,
,,,
,,,
,,,
,,,
,,,
,,,
,,,
,,,
,,,
,,,
,,,
,,,
,,,
,,,
,,,
,,,
,,,
,,,
,,,
,,,
,,,
,,,
,,,
,,,
,,,
,,,
,,,
,,,
,,,
,,,
,,,
,,,
,,,
,,,
,,,
,,,
,,,
,,,
,,,
,,,
,,,
,,,
,,,
,,,
,,,
,,,
,,,
,,,
,,,
,,,
,,,
,,,
,,,
,,,
,,,
,,,
,,,
,,,
,,,
,,,
,,,
,,,
,,,
,,,
,,,
,,,
,,,
,,,
,,,
,,,
,,,
,,,
,,,
,,,
,,,
,,,
,,,
,,,
,,,
,,,
,,,
,,,
,,,
,,,
,,,
,,,
,,,
,,,
,,,
,,,
,,,
,,,
,,,
,,,
,,,
,,,
,,,
,,,
,,,
,,,
,,,
,,,
,,,
,,,
,,,
,,,
,,,
,,,
,,,
,,,
,,,
,,,
,,,
,,,
,,,
,,,
,,,
,,,
,,,
,,,
,,,
,,,
,,,
,,,
,,,
,,,
,,,
,,,
,,,
,,,
,,,
,,,
,,,
,,,
,,,
,,,
,,,
,,,
,,,
,,,
,,,
,,,
,,,
,,,
,,,
,,,
,,,
,,,
,,,
,,,
,,,
,,,
,,,
,,,
,,,
,,,
,,,
,,,
,,,
,,,
,,,
,,,
,,,
,,,
,,,
,,,
,,,
,,,
,,,
,,,
,,,
,,,
,,,
,,,
,,,
,,,
,,,
,,,
,,,
,,,
,,,
,,,
,,,
,,,
,,,
,,,
,,,
,,,
,,,
,,,
,,,
,,,
,,,
,,,
,,,
,,,
,,,
,,,
,,,
,,,
,,,
,,,
,,,
,,,
,,,
,,,
,,,
,,,
,,,
,,,
,,,
,,,
,,,
,,,
,,,
,,,
,,,
,,,
,,,
,,,
,,,
,,,
,,,
,,,
,,,
,,,
,,,
,,,
,,,
,,,
,,,
,,,
,,,
,,,
,,,
,,,
,,,
,,,
,,,
,,,
,,,
,,,
,,,
,,,
,,,
,,,
,,,
,,,
,,,
,,,
,,,
,,,
,,,
,,,
,,,
,,,
,,,
,,,
,,,
,,,
,,,
,,,
,,,
,,,
,,,
,,,
,,,
,,,
,,,
,,,
,,,
,,,
,,,
,,,
,,,
,,,
,,,
,,,
,,,
,,,
,,,
,,,
,,,
,,,
,,,
,,,
,,,
,,,
,,,
,,,
,,,
,,,
,,,
,,,
,,,
,,,
,,,
,,,
,,,
,,,
,,,
,,,
,,,
,,,
,,,
,,,
,,,
,,,
,,,
,,,
,,,
,,,
,,,
,,,
,,,
,,,
,,,
,,,
,,,
,,,
,,,
,,,
,,,
,,,
,,,
,,,
,,,
,,,
,,,
,,,
,,,
,,,
,,,
,,,
,,,
,,,
,,,
,,,
,,,
,,,
,,,
,,,
,,,
,,,
,,,
,,,
,,,
,,,
,,,
,,,
,,,
,,,
,,,
,,,
,,,
,,,
,,,
,,,
,,,
,,,
,,,
,,,
,,,
,,,
,,,
,,,
,,,
,,,
,,,
,,,
,,,
,,,
,,,
,,,
,,,
,,,
,,,
,,,
,,,
,,,
,,,
,,,
,,,
,,,
,,,
,,,
,,,
,,,
,,,
,,,
,,,
,,,
,,,
,,,
,,,
,,,
,,,
,,,
,,,
,,,
,,,
,,,
,,,
,,,
,,,
,,,
,,,
,,,
,,,
,,,
,,,
,,,
,,,
,,,
,,,
,,,
,,,
,,,
,,,
,,,
,,,
,,,
,,,
,,,
,,,
,,,
,,,
,,,
,,,
,,,
,,,
,,,
,,,
,,,
,,,
,,,
,,,
,,,
,,,
,,,
,,,
,,,
,,,
,,,
,,,
,,,
,,,
,,,
,,,
,,,
,,,
,,,
,,,
,,,
,,,
,,,
,,,
,,,
,,,
,,,
,,,
,,,
,,,
,,,
,,,
,,,
,,,
,,,
,,,
,,,
,,,
,,,
,,,
,,,
,,,
,,,
,,,
,,,
,,,
,,,
,,,
,,,
,,,
,,,
,,,
,,,
,,,
,,,
,,,
,,,
,,,
,,,
,,,
,,,
,,,
,,,
,,,
,,,
,,,
,,,
,,,
,,,
,,,
,,,
,,,
,,,
,,,
,,,
,,,
,,,
,,,
,,,
,,,
,,,
,,,
,,,
,,,
,,,
,,,
,,,
,,,
,,,
,,,
,,,
,,,
,,,
,,,
,,,
,,,
,,,
,,,
,,,
,,,
,,,
,,,
,,,
,,,
,,,
,,,
,,,
,,,
,,,
,,,
,,,
,,,
,,,
,,,
,,,
,,,
,,,
,,,
,,,
,,,
,,,
,,,
,,,
,,,
,,,
,,,
,,,
,,,
,,,
,,,
,,,
,,,
,,,
,,,
,,,
,,,
,,,
,,,
,,,
,,,
,,,
,,,
,,,
,,,
,,,
,,,
,,,
,,,
,,,
,,,
,,,
,,,
,,,
,,,
,,,
,,,
,,,
,,,
,,,
,,,
,,,
,,,
,,,
,,,
,,,
,,,
,,,
,,,
,,,
,,,
,,,
,,,
,,,
,,,
,,,
,,,
,,,
,,,
,,,
,,,
,,,
,,,
,,,
,,,
,,,
,,,
,,,
,,,
,,,
,,,
,,,
,,,
,,,
,,,
,,,
,,,
,,,
,,,
,,,
,,,
,,,
,,,
,,,
,,,
,,,
,,,
,,,
,,,
,,,
,,,
,,,
,,,
,,,
,,,
,,,
,,,
,,,
,,,
,,,
,,,
,,,
,,,
,,,
,,,
,,,
,,,
,,,
,,,
,,,
,,,
,,,
,,,
,,,
,,,
,,,
,,,
,,,
,,,
,,,
,,,
,,,
,,,
,,,
,,,
,,,
,,,
,,,
,,,
,,,
,,,
,,,
,,,
,,,
,,,
,,,
,,,
,,,
,,,
,,,
,,,
,,,
,,,
,,,
,,,
,,,
,,,
,,,
,,,
,,,
,,,
,,,
,,,
,,,
,,,
,,,
,,,
,,,
,,,
,,,
,,,
,,,
,,,
,,,
,,,
,,,
,,,
,,,
,,,
,,,
,,,
,,,
,,,
,,,
,,,
,,,
,,,
,,,
,,,
,,,
,,,
,,,
,,,
,,,
,,,
,,,
,,,
,,,
,,,
,,,
,,,
,,,
,,,
,,,
,,,
,,,
,,,
,,,
,,,
,,,
,,,
,,,
,,,
,,,
,,,
,,,
,,,
,,,
,,,
,,,
,,,
,,,
,,,
,,,
,,,
,,,
,,,
,,,
,,,
,,,
,,,
,,,
,,,
,,,
,,,
,,,
,,,
,,,
,,,
,,,
,,,
,,,
,,,
,,,
,,,
,,,
,,,
,,,
,,,
,,,
,,,
,,,
,,,
,,,
,,,
,,,
,,,
,,,
,,,
,,,
,,,
,,,
,,,
,,,
,,,
,,,
,,,
,,,
,,,
,,,
,,,
,,,
,,,
,,,
,,,
,,,
,,,
,,,
,,,
,,,
,,,
,,,
,,,
,,,
,,,
,,,
,,,
,,,
,,,
,,,
,,,
,,,
,,,
,,,
,,,
,,,
,,,
,,,
,,,
,,,
,,,
,,,
,,,
,,,
,,,
,,,
,,,
,,,
,,,
,,,
,,,
,,,
,,,
,,,
,,,
,,,
,,,
,,,
,,,
,,,
,,,
,,,
,,,
,,,
,,,
,,,
,,,
,,,
,,,
,,,
,,,
,,,
,,,
,,,
,,,
,,,
,,,
,,,
,,,
,,,
,,,
,,,
,,,
,,,
,,,
,,,
,,,
,,,
,,,
,,,
,,,
,,,
,,,
,,,
,,,
,,,
,,,
,,,
,,,
,,,
,,,
,,,
,,,
,,,
,,,
,,,
,,,
,,,
,,,
,,,
,,,
,,,
,,,
,,,
,,,
,,,
,,,
,,,
,,,
,,,
,,,
,,,
,,,
,,,
,,,
,,,
,,,
,,,
,,,
,,,
,,,
,,,
,,,
,,,
,,,
,,,
,,,
,,,
,,,
,,,
,,,
,,,
,,,
,,,
,,,
,,,
,,,
,,,
,,,
,,,
,,,
,,,
,,,
,,,
,,,
,,,
,,,
,,,
,,,
,,,
,,,
,,,
,,,
,,,
,,,
,,,
,,,
,,,
,,,
,,,
,,,
,,,
,,,
,,,
,,,
,,,
,,,
,,,
,,,
,,,
,,,
,,,
,,,
,,,
,,,
,,,
,,,
,,,
,,,
,,,
,,,
,,,
,,,
,,,
,,,
,,,
,,,
,,,
,,,
,,,
,,,
,,,
,,,
,,,
,,,
,,,
,,,
,,,
,,,
,,,
,,,
,,,
,,,
,,,
,,,
,,,
,,,
,,,
,,,
,,,
,,,
,,,
,,,
,,,
,,,
,,,
,,,
,,,
,,,
,,,
,,,
,,,
,,,
,,,
,,,
,,,
,,,
,,,
,,,
,,,
,,,
,,,
,,,
,,,
,,,
,,,
,,,
,,,
,,,
,,,
,,,
,,,
,,,
,,,
,,,
,,,
,,,
,,,
,,,
,,,
,,,
,,,
,,,
,,,
,,,
,,,
,,,
,,,
,,,
,,,
,,,
,,,
,,,
,,,
,,,
,,,
,,,
,,,
,,,
,,,
,,,
,,,
,,,
,,,
,,,
,,,
,,,
,,,
,,,
,,,
,,,
,,,
,,,
,,,
,,,
,,,
,,,
,,,
,,,
,,,
,,,
,,,
,,,
,,,
,,,
,,,
,,,
,,,
,,,
,,,
,,,
,,,
,,,
,,,
,,,
,,,
,,,
,,,
,,,
,,,
,,,
,,,
,,,
,,,
,,,
,,,
,,,
,,,
,,,
,,,
,,,
,,,
,,,
,,,
,,,
,,,
,,,
,,,
,,,
,,,
,,,
,,,
,,,
,,,
,,,
,,,
,,,
,,,
,,,
,,,
,,,
,,,
,,,
,,,
,,,
,,,
,,,
,,,
,,,
,,,
,,,
,,,
,,,
,,,
,,,
,,,
,,,
,,,
,,,
,,,
,,,
,,,
,,,
,,,
,,,
,,,
,,,
,,,
,,,
,,,
,,,
,,,
,,,
,,,
,,,
,,,
,,,
,,,
,,,
,,,
,,,
,,,
,,,
,,,
,,,
,,,
,,,
,,,
,,,
,,,
,,,
,,,
,,,
,,,
,,,
,,,
,,,
,,,
,,,
,,,
,,,
,,,
,,,
,,,
,,,
,,,
,,,
,,,
,,,
,,,
,,,
,,,
,,,
,,,
,,,
,,,
,,,
,,,
,,,
,,,
,,,
,,,
,,,
,,,
,,,
,,,
,,,
,,,
,,,
,,,
,,,
,,,
,,,
,,,
,,,
,,,
,,,
,,,
,,,
,,,
,,,
,,,
,,,
,,,
,,,
,,,
,,,
,,,
,,,
,,,
,,,
,,,
,,,
,,,
,,,
,,,
,,,
,,,
,,,
,,,
,,,
,,,
,,,
,,,
,,,
,,,
,,,
,,,
,,,
,,,
,,,
,,,
,,,
,,,
,,,
,,,
,,,
,,,
,,,
,,,
,,,
,,,
,,,
,,,
,,,
,,,
,,,
,,,
,,,
,,,
,,,
,,,
,,,
,,,
,,,
,,,
,,,
,,,
,,,
,,,
,,,
,,,
,,,
,,,
,,,
,,,
,,,
,,,
,,,
,,,
,,,
,,,
,,,
,,,
,,,
,,,
,,,
,,,
,,,
,,,
,,,
,,,
,,,
,,,
,,,
,,,
,,,
,,,
,,,
,,,
,,,
,,,
,,,
,,,
,,,
,,,
,,,
,,,
,,,
,,,
,,,
,,,
,,,
,,,
,,,
,,,
,,,
,,,
,,,
,,,
,,,
,,,
,,,
,,,
,,,
,,,
,,,
,,,
,,,
,,,
,,,
,,,
,,,
,,,
,,,
,,,
,,,
,,,
,,,
,,,
,,,
,,,
,,,
,,,
,,,
,,,
,,,
,,,
,,,
,,,
,,,
,,,
,,,
,,,
,,,
,,,
,,,
,,,
,,,
,,,
,,,
,,,
,,,
,,,
,,,
,,,
,,,
,,,
,,,
,,,
,,,
,,,
,,,
,,,
,,,
,,,
,,,
,,,
,,,
,,,
,,,
,,,
,,,
,,,
,,,
,,,
,,,
,,,
,,,
,,,
,,,
,,,
,,,
,,,
,,,
,,,
,,,
,,,
,,,
,,,
,,,
,,,
,,,
,,,
,,,
,,,
,,,
,,,
,,,
,,,
,,,
,,,
,,,
,,,
,,,
,,,
,,,
,,,
,,,
,,,
,,,
,,,
,,,
,,,
,,,
,,,
,,,
,,,
,,,
,,,
,,,
,,,
,,,
,,,
,,,
,,,
,,,
,,,
,,,
,,,
,,,
,,,
,,,
,,,
,,,
,,,
,,,
,,,
,,,
,,,
,,,
,,,
,,,
,,,
,,,
,,,
,,,
,,,
,,,
,,,
,,,
,,,
,,,
,,,
,,,
,,,
,,,
,,,
,,,
,,,
,,,
,,,
,,,
,,,
,,,
,,,
,,,
,,,
,,,
,,,
,,,
,,,
,,,
,,,
,,,
,,,
,,,
,,,
,,,
,,,
,,,
,,,
,,,
,,,
,,,
,,,
,,,
,,,
,,,
,,,
,,,
,,,
,,,
,,,
,,,
,,,
,,,
,,,
,,,
,,,
,,,
,,,
,,,
,,,
,,,
,,,
,,,
,,,
,,,
,,,
,,,
,,,
,,,
,,,
,,,
,,,
,,,
,,,
,,,
,,,
,,,
,,,
,,,
,,,
,,,
,,,
,,,
,,,
,,,
,,,
,,,
,,,
,,,
,,,
,,,
,,,
,,,
,,,
,,,
,,,
,,,
,,,
,,,
,,,
,,,
,,,
,,,
,,,
,,,
,,,
,,,
,,,
,,,
,,,
,,,
,,,
,,,
,,,
,,,
,,,
,,,
,,,
,,,
,,,
,,,
,,,
,,,
,,,
,,,
,,,
,,,
,,,
,,,
,,,
,,,
,,,
,,,
,,,
,,,
,,,
,,,
,,,
,,,
,,,
,,,
,,,
,,,
,,,
,,,
,,,
,,,
,,,
,,,
,,,
,,,
,,,
,,,
,,,
,,,
,,,
,,,
,,,
,,,
,,,
,,,
,,,
,,,
,,,
,,,
,,,
,,,
,,,
,,,
,,,
,,,
,,,
,,,
,,,
,,,
,,,
,,,
,,,
,,,
,,,
,,,
,,,
,,,
,,,
,,,
,,,
,,,
,,,
,,,
,,,
,,,
,,,
,,,
,,,
,,,
,,,
,,,
,,,
,,,
,,,
,,,
,,,
,,,
,,,
,,,
,,,
,,,
,,,
,,,
,,,
